Inventory Report,,,,,,,,,,,,,,,,,Date:  6/4/26  12:42 PM EST   ,,
Inventory Date:  ,,1/1/00 to 5/31/26,,,,,,,,,,,,,,,,,
Account:  ,,Gould,,,,,,,,,,,,,,,,,
Plant:  ,,Madelia,,,,,,,,,,,,,,,,,
Paper Type:  ,,Rolls - All Paper Types,,,,,,,,,,,,,,,,,
Supplier:  ,,All Suppliers,,,,,,,,,,,,,,,,,
Definitions:  ,,Available: Not assigned;  Applied: Assigned but not consumed;  Rejected: Rejected but in plant;  WIP: Work In Process,,,,,,,,,,,,,,,,,
Sorted by:  ,,Printer and Stock Size,,,,,,,,,,,,,,,,,
Ownership,Printer,Plant,Received Date,Issue Date,End User PO#,Supplier,PO Number,Paper Type,Product Name,Grammage (g/m²),Roll Width,Roll ID,Roll Count,Available Quantity,Total Quantity,Price/mt,Cost,Net Price/mt,Net Cost
Supplier,Ogden Newspapers,Madelia,5/11/26,4/13/26,MN20260406,OVOL USA,531017021,Newsprint,Inland Newsprint,43 ,267.00 mm,IEP56E0222575,1,159,159,$759.73,$120.80,$0.00,$0.00
Supplier,Ogden Newspapers,Madelia,5/11/26,4/13/26,MN20260406,OVOL USA,531017021,Newsprint,Inland Newsprint,43 ,267.00 mm,IEP56E0222475,1,159,159,$759.73,$120.80,$0.00,$0.00
Supplier,Ogden Newspapers,Madelia,5/11/26,4/13/26,MN20260406,OVOL USA,531017021,Newsprint,Inland Newsprint,43 ,267.00 mm,IEP56E0222355,1,160,160,$759.73,$121.56,$0.00,$0.00
Supplier,Ogden Newspapers,Madelia,5/11/26,4/13/26,MN20260406,OVOL USA,531017021,Newsprint,Inland Newsprint,43 ,267.00 mm,IEP56E0222255,1,160,160,$759.73,$121.56,$0.00,$0.00
Supplier,Ogden Newspapers,Madelia,5/11/26,4/13/26,MN20260406,OVOL USA,531017021,Newsprint,Inland Newsprint,43 ,267.00 mm,IEP56E0222155,1,159,159,$759.73,$120.80,$0.00,$0.00
Supplier,Ogden Newspapers,Madelia,5/11/26,4/13/26,MN20260406,OVOL USA,531017021,Newsprint,Inland Newsprint,43 ,267.00 mm,IEP56E0221755,1,159,159,$759.73,$120.80,$0.00,$0.00
Supplier,Ogden Newspapers,Madelia,5/11/26,4/13/26,MN20260406,OVOL USA,531017021,Newsprint,Inland Newsprint,43 ,267.00 mm,IEP56D2017529,1,174,174,$759.73,$132.19,$0.00,$0.00
Supplier,Ogden Newspapers,Madelia,5/11/26,4/13/26,MN20260406,OVOL USA,531017021,Newsprint,Inland Newsprint,43 ,267.00 mm,IEP56D2017429,1,174,174,$759.73,$132.19,$0.00,$0.00
Supplier,Ogden Newspapers,Madelia,5/11/26,4/13/26,MN20260406,OVOL USA,531017021,Newsprint,Inland Newsprint,43 ,267.00 mm,IEP56D2017329,1,172,172,$759.73,$130.67,$0.00,$0.00
Supplier,Ogden Newspapers,Madelia,5/11/26,4/13/26,MN20260406,OVOL USA,531017021,Newsprint,Inland Newsprint,43 ,267.00 mm,IEP56D2017229,1,173,173,$759.73,$131.43,$0.00,$0.00
Supplier,Ogden Newspapers,Madelia,5/11/26,4/13/26,MN20260406,OVOL USA,531017021,Newsprint,Inland Newsprint,43 ,267.00 mm,IEP56D2017129,1,170,170,$759.73,$129.15,$0.00,$0.00
Supplier,Ogden Newspapers,Madelia,5/11/26,4/13/26,MN20260406,OVOL USA,531017021,Newsprint,Inland Newsprint,43 ,267.00 mm,IEP56D2016829,1,171,171,$759.73,$129.91,$0.00,$0.00
Quantity Subtotals: ,,,,,,,,,,,,,12,"1,990","1,990",,"$1,511.86",,$0.00
,,,,,,,,,,,,,,,,,,,
Supplier,Ogden Newspapers,Madelia,5/11/26,4/13/26,MN20260406,OVOL USA,531017021,Newsprint,Inland Newsprint,43 ,292.00 mm,IEP56E0301512,1,179,179,$759.73,$135.99,$0.00,$0.00
Supplier,Ogden Newspapers,Madelia,5/11/26,4/13/26,MN20260406,OVOL USA,531017021,Newsprint,Inland Newsprint,43 ,292.00 mm,IEP56E0222634,1,172,172,$759.73,$130.67,$0.00,$0.00
Supplier,Ogden Newspapers,Madelia,5/11/26,4/13/26,MN20260406,OVOL USA,531017021,Newsprint,Inland Newsprint,43 ,292.00 mm,IEP56E0222536,1,175,175,$759.73,$132.95,$0.00,$0.00
Supplier,Ogden Newspapers,Madelia,5/11/26,4/13/26,MN20260406,OVOL USA,531017021,Newsprint,Inland Newsprint,43 ,292.00 mm,IEP56E0222531,1,175,175,$759.73,$132.95,$0.00,$0.00
Supplier,Ogden Newspapers,Madelia,5/11/26,4/13/26,MN20260406,OVOL USA,531017021,Newsprint,Inland Newsprint,43 ,292.00 mm,IEP56E0222436,1,175,175,$759.73,$132.95,$0.00,$0.00
Supplier,Ogden Newspapers,Madelia,5/11/26,4/13/26,MN20260406,OVOL USA,531017021,Newsprint,Inland Newsprint,43 ,292.00 mm,IEP56E0222431,1,175,175,$759.73,$132.95,$0.00,$0.00
Supplier,Ogden Newspapers,Madelia,5/11/26,4/13/26,MN20260406,OVOL USA,531017021,Newsprint,Inland Newsprint,43 ,292.00 mm,IEP56E0221637,1,174,174,$759.73,$132.19,$0.00,$0.00
Supplier,Ogden Newspapers,Madelia,5/11/26,4/13/26,MN20260406,OVOL USA,531017021,Newsprint,Inland Newsprint,43 ,292.00 mm,IEP56E0221632,1,174,174,$759.73,$132.19,$0.00,$0.00
Supplier,Ogden Newspapers,Madelia,5/11/26,4/13/26,MN20260406,OVOL USA,531017021,Newsprint,Inland Newsprint,43 ,292.00 mm,IEP56E0221537,1,172,172,$759.73,$130.67,$0.00,$0.00
Supplier,Ogden Newspapers,Madelia,5/11/26,4/13/26,MN20260406,OVOL USA,531017021,Newsprint,Inland Newsprint,43 ,292.00 mm,IEP56E0221532,1,173,173,$759.73,$131.43,$0.00,$0.00
Supplier,Ogden Newspapers,Madelia,5/11/26,4/13/26,MN20260406,OVOL USA,531017021,Newsprint,Inland Newsprint,43 ,292.00 mm,IEP56E0221437,1,172,172,$759.73,$130.67,$0.00,$0.00
Supplier,Ogden Newspapers,Madelia,5/11/26,4/13/26,MN20260406,OVOL USA,531017021,Newsprint,Inland Newsprint,43 ,292.00 mm,IEP56E0221432,1,172,172,$759.73,$130.67,$0.00,$0.00
Supplier,Ogden Newspapers,Madelia,5/11/26,4/13/26,MN20260406,OVOL USA,531017021,Newsprint,Inland Newsprint,43 ,292.00 mm,IEP56E0221337,1,172,172,$759.73,$130.67,$0.00,$0.00
Supplier,Ogden Newspapers,Madelia,5/11/26,4/13/26,MN20260406,OVOL USA,531017021,Newsprint,Inland Newsprint,43 ,292.00 mm,IEP56E0221332,1,172,172,$759.73,$130.67,$0.00,$0.00
Supplier,Ogden Newspapers,Madelia,5/11/26,4/13/26,MN20260406,OVOL USA,531017021,Newsprint,Inland Newsprint,43 ,292.00 mm,IEP56E0221237,1,172,172,$759.73,$130.67,$0.00,$0.00
Supplier,Ogden Newspapers,Madelia,5/11/26,4/13/26,MN20260406,OVOL USA,531017021,Newsprint,Inland Newsprint,43 ,292.00 mm,IEP56E0221232,1,173,173,$759.73,$131.43,$0.00,$0.00
Supplier,Ogden Newspapers,Madelia,5/11/26,4/13/26,MN20260406,OVOL USA,531017021,Newsprint,Inland Newsprint,43 ,292.00 mm,IEP56E0221137,1,171,171,$759.73,$129.91,$0.00,$0.00
Supplier,Ogden Newspapers,Madelia,5/11/26,4/13/26,MN20260406,OVOL USA,531017021,Newsprint,Inland Newsprint,43 ,292.00 mm,IEP56E0221132,1,172,172,$759.73,$130.67,$0.00,$0.00
Supplier,Ogden Newspapers,Madelia,5/11/26,4/13/26,MN20260406,OVOL USA,531017021,Newsprint,Inland Newsprint,43 ,292.00 mm,IEP56E0216163,1,174,174,$759.73,$132.19,$0.00,$0.00
Supplier,Ogden Newspapers,Madelia,5/11/26,4/13/26,MN20260406,OVOL USA,531017021,Newsprint,Inland Newsprint,43 ,292.00 mm,IEP56E0216158,1,174,174,$759.73,$132.19,$0.00,$0.00
Quantity Subtotals: ,,,,,,,,,,,,,20,"3,468","3,468",,"$2,634.68",,$0.00
,,,,,,,,,,,,,,,,,,,
Supplier,Ogden Newspapers,Madelia,3/31/26,,,OVOL USA,06300033202621,Newsprint,Kap Paper Newsprint,42.5 ,305.00 mm,M346C24191C,1,174,174,$699.86,$121.78,$0.00,$0.00
Supplier,Ogden Newspapers,Madelia,3/31/26,,,OVOL USA,06300033202621,Newsprint,Kap Paper Newsprint,42.5 ,305.00 mm,M346C24183C,1,174,174,$699.86,$121.78,$0.00,$0.00
Supplier,Ogden Newspapers,Madelia,3/31/26,,,OVOL USA,06300033202621,Newsprint,Kap Paper Newsprint,42.5 ,305.00 mm,M346C23161C,1,174,174,$699.86,$121.78,$0.00,$0.00
Supplier,Ogden Newspapers,Madelia,3/31/26,,,OVOL USA,06300033202621,Newsprint,Kap Paper Newsprint,42.5 ,305.00 mm,M346C23141F,1,174,174,$699.86,$121.78,$0.00,$0.00
Supplier,Ogden Newspapers,Madelia,4/28/26,,,OVOL USA,MANUAL1176395-00,Offset,Boise Offset,74 ,305.00 mm,BC636C06073C,1,306,306,"$1,488.55",$455.50,$0.00,$0.00
Supplier,Ogden Newspapers,Madelia,4/28/26,,,OVOL USA,MANUAL1176395-00,Offset,Boise Offset,74 ,305.00 mm,BC636C06073B,1,307,307,"$1,488.55",$456.98,$0.00,$0.00
Supplier,Ogden Newspapers,Madelia,4/28/26,,,OVOL USA,MANUAL1176395-00,Offset,Boise Offset,74 ,305.00 mm,BC636C06061C,1,308,308,"$1,488.55",$458.47,$0.00,$0.00
Supplier,Ogden Newspapers,Madelia,4/28/26,,,OVOL USA,MANUAL1176395-00,Offset,Boise Offset,74 ,305.00 mm,BC636C06061B,1,308,308,"$1,488.55",$458.47,$0.00,$0.00
Quantity Subtotals: ,,,,,,,,,,,,,8,"1,925","1,925",,"$2,316.54",,$0.00
,,,,,,,,,,,,,,,,,,,
Supplier,Ogden Newspapers,Madelia,5/11/26,4/13/26,MN20260406,OVOL USA,531017021,Newsprint,Inland Newsprint,43 ,318.00 mm,IEP56E0301540,1,196,196,$759.73,$148.91,$0.00,$0.00
Supplier,Ogden Newspapers,Madelia,5/11/26,4/13/26,MN20260406,OVOL USA,531017021,Newsprint,Inland Newsprint,43 ,318.00 mm,IEP56E0222662,1,190,190,$759.73,$144.35,$0.00,$0.00
Supplier,Ogden Newspapers,Madelia,5/11/26,4/13/26,MN20260406,OVOL USA,531017021,Newsprint,Inland Newsprint,43 ,318.00 mm,IEP56E0222656,1,190,190,$759.73,$144.35,$0.00,$0.00
Supplier,Ogden Newspapers,Madelia,5/11/26,4/13/26,MN20260406,OVOL USA,531017021,Newsprint,Inland Newsprint,43 ,318.00 mm,IEP56E0221653,1,188,188,$759.73,$142.83,$0.00,$0.00
Supplier,Ogden Newspapers,Madelia,5/11/26,4/13/26,MN20260406,OVOL USA,531017021,Newsprint,Inland Newsprint,43 ,318.00 mm,IEP56E0221553,1,188,188,$759.73,$142.83,$0.00,$0.00
Supplier,Ogden Newspapers,Madelia,5/11/26,4/13/26,MN20260406,OVOL USA,531017021,Newsprint,Inland Newsprint,43 ,318.00 mm,IEP56E0221453,1,187,187,$759.73,$142.07,$0.00,$0.00
Supplier,Ogden Newspapers,Madelia,5/11/26,4/13/26,MN20260406,OVOL USA,531017021,Newsprint,Inland Newsprint,43 ,318.00 mm,IEP56E0221353,1,187,187,$759.73,$142.07,$0.00,$0.00
Supplier,Ogden Newspapers,Madelia,5/11/26,4/13/26,MN20260406,OVOL USA,531017021,Newsprint,Inland Newsprint,43 ,318.00 mm,IEP56E0221253,1,186,186,$759.73,$141.31,$0.00,$0.00
Supplier,Ogden Newspapers,Madelia,5/11/26,4/13/26,MN20260406,OVOL USA,531017021,Newsprint,Inland Newsprint,43 ,318.00 mm,IEP56E0221159,1,187,187,$759.73,$142.07,$0.00,$0.00
Quantity Subtotals: ,,,,,,,,,,,,,9,"1,699","1,699",,"$1,290.79",,$0.00
,,,,,,,,,,,,,,,,,,,
Supplier,Ogden Newspapers,Madelia,12/30/25,,,OVOL USA,063000332025121,Newsprint,Kap Paper Newsprint,48.8 ,343.00 mm,M345M15011G,1,194,194,$599.31,$116.27,$0.00,$0.00
Supplier,Ogden Newspapers,Madelia,12/30/25,,,OVOL USA,063000332025121,Newsprint,Kap Paper Newsprint,48.8 ,343.00 mm,M345M15011F,1,194,194,$599.31,$116.27,$0.00,$0.00
Supplier,Ogden Newspapers,Madelia,12/30/25,,,OVOL USA,063000332025121,Newsprint,Kap Paper Newsprint,48.8 ,343.00 mm,M345L30033D,1,191,191,$599.31,$114.47,$0.00,$0.00
Supplier,Ogden Newspapers,Madelia,12/30/25,,,OVOL USA,063000332025121,Newsprint,Kap Paper Newsprint,48.8 ,343.00 mm,M345L30033C,1,192,192,$599.31,$115.07,$0.00,$0.00
Supplier,Ogden Newspapers,Madelia,12/30/25,,,OVOL USA,063000332025121,Newsprint,Kap Paper Newsprint,48.8 ,343.00 mm,M345L30032D,1,194,194,$599.31,$116.27,$0.00,$0.00
Supplier,Ogden Newspapers,Madelia,12/30/25,,,OVOL USA,063000332025121,Newsprint,Kap Paper Newsprint,48.8 ,343.00 mm,M345L30032C,1,193,193,$599.31,$115.67,$0.00,$0.00
Supplier,Ogden Newspapers,Madelia,12/30/25,,,OVOL USA,063000332025121,Newsprint,Kap Paper Newsprint,48.8 ,343.00 mm,M345L30022F,1,187,187,$599.31,$112.07,$0.00,$0.00
Supplier,Ogden Newspapers,Madelia,12/30/25,,,OVOL USA,063000332025121,Newsprint,Kap Paper Newsprint,48.8 ,343.00 mm,M345L30021G,1,187,187,$599.31,$112.07,$0.00,$0.00
Supplier,Ogden Newspapers,Madelia,3/31/26,,,OVOL USA,06300033202621,Newsprint,Kap Paper Newsprint,42.5 ,343.00 mm,M346C24201D,1,193,193,$699.86,$135.07,$0.00,$0.00
Supplier,Ogden Newspapers,Madelia,3/31/26,,,OVOL USA,06300033202621,Newsprint,Kap Paper Newsprint,42.5 ,343.00 mm,M346C24193E,1,194,194,$699.86,$135.77,$0.00,$0.00
Supplier,Ogden Newspapers,Madelia,3/31/26,,,OVOL USA,06300033202621,Newsprint,Kap Paper Newsprint,42.5 ,343.00 mm,M346C24193D,1,195,195,$699.86,$136.47,$0.00,$0.00
Supplier,Ogden Newspapers,Madelia,3/31/26,,,OVOL USA,06300033202621,Newsprint,Kap Paper Newsprint,42.5 ,343.00 mm,M346C23153D,1,192,192,$699.86,$134.37,$0.00,$0.00
Supplier,Ogden Newspapers,Madelia,3/31/26,,,OVOL USA,06300033202621,Newsprint,Kap Paper Newsprint,42.5 ,343.00 mm,M346C23151D,1,196,196,$699.86,$137.17,$0.00,$0.00
Supplier,Ogden Newspapers,Madelia,3/31/26,,,OVOL USA,06300033202621,Newsprint,Kap Paper Newsprint,42.5 ,343.00 mm,M346C23142D,1,196,196,$699.86,$137.17,$0.00,$0.00
Supplier,Ogden Newspapers,Madelia,2/19/23,,,OVOL USA,06300044202322,Hi-Brite,Centennial Offset,51.8 ,343.00 mm,IEP53B0904372,1,233,233,"$1,115.00",$259.80,$0.00,$0.00
Supplier,Ogden Newspapers,Madelia,2/19/23,,,OVOL USA,06300044202322,Hi-Brite,Centennial Offset,51.8 ,343.00 mm,IEP53B0904366,1,234,234,"$1,115.00",$260.91,$0.00,$0.00
Supplier,Ogden Newspapers,Madelia,2/19/23,,,OVOL USA,06300044202322,Hi-Brite,Centennial Offset,51.8 ,343.00 mm,IEP53B0904349,1,233,233,"$1,115.00",$259.80,$0.00,$0.00
Supplier,Ogden Newspapers,Madelia,2/19/23,,,OVOL USA,06300044202322,Hi-Brite,Centennial Offset,51.8 ,343.00 mm,IEP53B0904343,1,233,233,"$1,115.00",$259.80,$0.00,$0.00
Supplier,Ogden Newspapers,Madelia,2/19/23,,,OVOL USA,06300044202322,Hi-Brite,Centennial Offset,51.8 ,343.00 mm,IEP53B0904211,1,240,240,"$1,115.00",$267.60,$0.00,$0.00
Supplier,Ogden Newspapers,Madelia,11/19/25,,,OVOL USA,MANUAL1173870-00,Hi-Brite,Inland Brite 92,74 ,343.00 mm,BC635L18211C,1,349,349,"$1,435.95",$501.15,$0.00,$0.00
Supplier,Ogden Newspapers,Madelia,11/19/25,,,OVOL USA,MANUAL1173870-00,Hi-Brite,Inland Brite 92,74 ,343.00 mm,BC635L18211B,1,349,349,"$1,435.95",$501.15,$0.00,$0.00
Supplier,Ogden Newspapers,Madelia,11/19/25,,,OVOL USA,MANUAL1173870-00,Hi-Brite,Inland Brite 92,74 ,343.00 mm,BC635L18201C,1,344,344,"$1,435.95",$493.97,$0.00,$0.00
Supplier,Ogden Newspapers,Madelia,11/19/25,,,OVOL USA,MANUAL1173870-00,Hi-Brite,Inland Brite 92,74 ,343.00 mm,BC635L18201B,1,344,344,"$1,435.95",$493.97,$0.00,$0.00
Supplier,Ogden Newspapers,Madelia,3/23/26,3/27/26,MN20260309,OVOL USA,531016777,Newsprint,Inland Newsprint,43 ,343.00 mm,IEP56C0813126,1,216,216,$725.00,$156.60,$0.00,$0.00
Supplier,Ogden Newspapers,Madelia,3/23/26,3/27/26,MN20260309,OVOL USA,531016777,Newsprint,Inland Newsprint,43 ,343.00 mm,IEP56C0812726,1,216,216,$725.00,$156.60,$0.00,$0.00
Supplier,Ogden Newspapers,Madelia,3/23/26,3/27/26,MN20260309,OVOL USA,531016777,Newsprint,Inland Newsprint,43 ,343.00 mm,IEP56C0812411,1,222,222,$725.00,$160.95,$0.00,$0.00
Supplier,Ogden Newspapers,Madelia,3/23/26,3/27/26,MN20260309,OVOL USA,531016777,Newsprint,Inland Newsprint,43 ,343.00 mm,IEP56C0812311,1,223,223,$725.00,$161.68,$0.00,$0.00
Supplier,Ogden Newspapers,Madelia,3/23/26,3/27/26,MN20260309,OVOL USA,531016777,Newsprint,Inland Newsprint,43 ,343.00 mm,IEP56C0812211,1,219,219,$725.00,$158.78,$0.00,$0.00
Supplier,Ogden Newspapers,Madelia,3/23/26,3/27/26,MN20260309,OVOL USA,531016777,Newsprint,Inland Newsprint,43 ,343.00 mm,IEP56C0812111,1,220,220,$725.00,$159.50,$0.00,$0.00
Supplier,Ogden Newspapers,Madelia,5/11/26,4/13/26,MN20260406,OVOL USA,531017021,Newsprint,Inland Newsprint,43 ,343.00 mm,IEP56E0301535,1,202,202,$759.73,$153.47,$0.00,$0.00
Supplier,Ogden Newspapers,Madelia,5/11/26,4/13/26,MN20260406,OVOL USA,531017021,Newsprint,Inland Newsprint,43 ,343.00 mm,IEP56E0221658,1,203,203,$759.73,$154.23,$0.00,$0.00
Supplier,Ogden Newspapers,Madelia,5/11/26,4/13/26,MN20260406,OVOL USA,531017021,Newsprint,Inland Newsprint,43 ,343.00 mm,IEP56E0221558,1,203,203,$759.73,$154.23,$0.00,$0.00
Supplier,Ogden Newspapers,Madelia,5/11/26,4/13/26,MN20260406,OVOL USA,531017021,Newsprint,Inland Newsprint,43 ,343.00 mm,IEP56E0221458,1,202,202,$759.73,$153.47,$0.00,$0.00
Supplier,Ogden Newspapers,Madelia,5/11/26,4/13/26,MN20260406,OVOL USA,531017021,Newsprint,Inland Newsprint,43 ,343.00 mm,IEP56E0221358,1,202,202,$759.73,$153.47,$0.00,$0.00
Supplier,Ogden Newspapers,Madelia,5/11/26,4/13/26,MN20260406,OVOL USA,531017021,Newsprint,Inland Newsprint,43 ,343.00 mm,IEP56E0221258,1,202,202,$759.73,$153.47,$0.00,$0.00
Supplier,Ogden Newspapers,Madelia,5/11/26,4/13/26,MN20260406,OVOL USA,531017021,Newsprint,Inland Newsprint,43 ,343.00 mm,IEP56E0221153,1,202,202,$759.73,$153.47,$0.00,$0.00
Quantity Subtotals: ,,,,,,,,,,,,,36,"7,989","7,989",,"$7,062.25",,$0.00
,,,,,,,,,,,,,,,,,,,
Supplier,Ogden Newspapers,Madelia,12/30/25,,,OVOL USA,063000332025121,Newsprint,Kap Paper Newsprint,45 ,381.00 mm,M345M13072G,1,220,220,$639.76,$140.75,$0.00,$0.00
Supplier,Ogden Newspapers,Madelia,12/30/25,,,OVOL USA,063000332025121,Newsprint,Kap Paper Newsprint,45 ,381.00 mm,M345M13034G,1,220,220,$639.76,$140.75,$0.00,$0.00
Supplier,Ogden Newspapers,Madelia,3/31/26,,,OVOL USA,06300033202621,Newsprint,Kap Paper Newsprint,45 ,381.00 mm,M346C23091B,1,220,220,$667.87,$146.93,$0.00,$0.00
Supplier,Ogden Newspapers,Madelia,3/31/26,,,OVOL USA,06300033202621,Newsprint,Kap Paper Newsprint,45 ,381.00 mm,M346C23063F,1,219,219,$667.87,$146.26,$0.00,$0.00
Supplier,Ogden Newspapers,Madelia,3/31/26,,,OVOL USA,06300033202621,Newsprint,Kap Paper Newsprint,45 ,381.00 mm,M346C23063C,1,221,221,$667.87,$147.60,$0.00,$0.00
Supplier,Ogden Newspapers,Madelia,3/31/26,,,OVOL USA,06300033202621,Newsprint,Kap Paper Newsprint,45 ,381.00 mm,M346C23063B,1,222,222,$667.87,$148.27,$0.00,$0.00
Supplier,Ogden Newspapers,Madelia,3/23/26,3/27/26,MN20260309,OVOL USA,531016777,Newsprint,Inland Newsprint,43 ,381.00 mm,IEP56C1620216,1,233,233,$725.00,$168.93,$0.00,$0.00
Supplier,Ogden Newspapers,Madelia,3/23/26,3/27/26,MN20260309,OVOL USA,531016777,Newsprint,Inland Newsprint,43 ,381.00 mm,IEP56C1620116,1,234,234,$725.00,$169.65,$0.00,$0.00
Supplier,Ogden Newspapers,Madelia,3/23/26,3/27/26,MN20260309,OVOL USA,531016777,Newsprint,Inland Newsprint,43 ,381.00 mm,IEP56C1619616,1,235,235,$725.00,$170.38,$0.00,$0.00
Supplier,Ogden Newspapers,Madelia,3/23/26,3/27/26,MN20260309,OVOL USA,531016777,Newsprint,Inland Newsprint,43 ,381.00 mm,IEP56C1619216,1,235,235,$725.00,$170.38,$0.00,$0.00
Supplier,Ogden Newspapers,Madelia,3/23/26,3/27/26,MN20260309,OVOL USA,531016777,Newsprint,Inland Newsprint,43 ,381.00 mm,IEP56C1618116,1,239,239,$725.00,$173.28,$0.00,$0.00
Supplier,Ogden Newspapers,Madelia,3/23/26,3/27/26,MN20260309,OVOL USA,531016777,Newsprint,Inland Newsprint,43 ,381.00 mm,IEP56C1617816,1,239,239,$725.00,$173.28,$0.00,$0.00
Quantity Subtotals: ,,,,,,,,,,,,,12,"2,737","2,737",,"$1,896.46",,$0.00
,,,,,,,,,,,,,,,,,,,
Supplier,Ogden Newspapers,Madelia,3/23/26,3/27/26,MN20260309,OVOL USA,531016777,Newsprint,Inland Newsprint,43 ,406.00 mm,IEP56C0812692,1,262,262,$725.00,$189.95,$0.00,$0.00
Supplier,Ogden Newspapers,Madelia,3/23/26,3/27/26,MN20260309,OVOL USA,531016777,Newsprint,Inland Newsprint,43 ,406.00 mm,IEP56C0812684,1,263,263,$725.00,$190.68,$0.00,$0.00
Supplier,Ogden Newspapers,Madelia,3/23/26,3/27/26,MN20260309,OVOL USA,531016777,Newsprint,Inland Newsprint,43 ,406.00 mm,IEP56C0812592,1,263,263,$725.00,$190.68,$0.00,$0.00
Supplier,Ogden Newspapers,Madelia,3/23/26,3/27/26,MN20260309,OVOL USA,531016777,Newsprint,Inland Newsprint,43 ,406.00 mm,IEP56C0812584,1,263,263,$725.00,$190.68,$0.00,$0.00
Supplier,Ogden Newspapers,Madelia,3/23/26,3/27/26,MN20260309,OVOL USA,531016777,Newsprint,Inland Newsprint,43 ,406.00 mm,IEP56C0812492,1,263,263,$725.00,$190.68,$0.00,$0.00
Supplier,Ogden Newspapers,Madelia,3/23/26,3/27/26,MN20260309,OVOL USA,531016777,Newsprint,Inland Newsprint,43 ,406.00 mm,IEP56C0812484,1,263,263,$725.00,$190.68,$0.00,$0.00
Supplier,Ogden Newspapers,Madelia,3/23/26,3/27/26,MN20260309,OVOL USA,531016777,Newsprint,Inland Newsprint,43 ,406.00 mm,IEP56C0812292,1,260,260,$725.00,$188.50,$0.00,$0.00
Supplier,Ogden Newspapers,Madelia,3/23/26,3/27/26,MN20260309,OVOL USA,531016777,Newsprint,Inland Newsprint,43 ,406.00 mm,IEP56C0812284,1,260,260,$725.00,$188.50,$0.00,$0.00
Supplier,Ogden Newspapers,Madelia,3/23/26,3/27/26,MN20260309,OVOL USA,531016777,Newsprint,Inland Newsprint,43 ,406.00 mm,IEP56C0812192,1,258,258,$725.00,$187.05,$0.00,$0.00
Supplier,Ogden Newspapers,Madelia,3/23/26,3/27/26,MN20260309,OVOL USA,531016777,Newsprint,Inland Newsprint,43 ,406.00 mm,IEP56C0812184,1,258,258,$725.00,$187.05,$0.00,$0.00
Supplier,Ogden Newspapers,Madelia,5/11/26,4/13/26,MN20260406,OVOL USA,531017021,Newsprint,Inland Newsprint,43 ,406.00 mm,IEP56E0222639,1,242,242,$759.73,$183.85,$0.00,$0.00
Supplier,Ogden Newspapers,Madelia,5/11/26,4/13/26,MN20260406,OVOL USA,531017021,Newsprint,Inland Newsprint,43 ,406.00 mm,IEP56E0221692,1,238,238,$759.73,$180.82,$0.00,$0.00
Supplier,Ogden Newspapers,Madelia,5/11/26,4/13/26,MN20260406,OVOL USA,531017021,Newsprint,Inland Newsprint,43 ,406.00 mm,IEP56E0221685,1,238,238,$759.73,$180.82,$0.00,$0.00
Supplier,Ogden Newspapers,Madelia,5/11/26,4/13/26,MN20260406,OVOL USA,531017021,Newsprint,Inland Newsprint,43 ,406.00 mm,IEP56E0221192,1,235,235,$759.73,$178.54,$0.00,$0.00
Supplier,Ogden Newspapers,Madelia,5/11/26,4/13/26,MN20260406,OVOL USA,531017021,Newsprint,Inland Newsprint,43 ,406.00 mm,IEP56E0221185,1,235,235,$759.73,$178.54,$0.00,$0.00
Supplier,Ogden Newspapers,Madelia,5/11/26,4/13/26,MN20260406,OVOL USA,531017021,Newsprint,Inland Newsprint,43 ,406.00 mm,IEP56E0216118,1,239,239,$759.73,$181.58,$0.00,$0.00
Supplier,Ogden Newspapers,Madelia,5/11/26,4/13/26,MN20260406,OVOL USA,531017021,Newsprint,Inland Newsprint,43 ,406.00 mm,IEP56E0216111,1,239,239,$759.73,$181.58,$0.00,$0.00
Quantity Subtotals: ,,,,,,,,,,,,,17,"4,279","4,279",,"$3,160.18",,$0.00
,,,,,,,,,,,,,,,,,,,
Supplier,Ogden Newspapers,Madelia,12/30/25,,,OVOL USA,063000332025121,Newsprint,Kap Paper Newsprint,45 ,432.00 mm,M345M13053B,1,249,249,$639.76,$159.30,$0.00,$0.00
Supplier,Ogden Newspapers,Madelia,12/30/25,,,OVOL USA,063000332025121,Newsprint,Kap Paper Newsprint,45 ,432.00 mm,M345M13052C,1,246,246,$639.76,$157.38,$0.00,$0.00
Supplier,Ogden Newspapers,Madelia,12/30/25,,,OVOL USA,063000332025121,Newsprint,Kap Paper Newsprint,45 ,432.00 mm,M345M13052B,1,246,246,$639.76,$157.38,$0.00,$0.00
Supplier,Ogden Newspapers,Madelia,12/30/25,,,OVOL USA,063000332025121,Newsprint,Kap Paper Newsprint,45 ,432.00 mm,M345M13051C,1,245,245,$639.76,$156.74,$0.00,$0.00
Supplier,Ogden Newspapers,Madelia,12/30/25,,,OVOL USA,063000332025121,Newsprint,Kap Paper Newsprint,45 ,432.00 mm,M345M13051B,1,246,246,$639.76,$157.38,$0.00,$0.00
Supplier,Ogden Newspapers,Madelia,12/30/25,,,OVOL USA,063000332025121,Newsprint,Kap Paper Newsprint,45 ,432.00 mm,M345M13023C,1,248,248,$639.76,$158.66,$0.00,$0.00
Supplier,Ogden Newspapers,Madelia,12/30/25,,,OVOL USA,063000332025121,Newsprint,Kap Paper Newsprint,45 ,432.00 mm,M345M13021C,1,245,245,$639.76,$156.74,$0.00,$0.00
Supplier,Ogden Newspapers,Madelia,12/30/25,,,OVOL USA,063000332025121,Newsprint,Kap Paper Newsprint,45 ,432.00 mm,M345M13021B,1,245,245,$639.76,$156.74,$0.00,$0.00
Supplier,Ogden Newspapers,Madelia,3/26/26,,,OVOL USA,MANUAL1175645,Hi-Brite,Inland Brite 92,74 ,432.00 mm,BC616C17044N,1,434,434,"$1,413.58",$613.49,$0.00,$0.00
Supplier,Ogden Newspapers,Madelia,3/26/26,,,OVOL USA,MANUAL1175645,Hi-Brite,Inland Brite 92,74 ,432.00 mm,BC616C17044M,1,435,435,"$1,413.58",$614.91,$0.00,$0.00
Supplier,Ogden Newspapers,Madelia,3/26/26,,,OVOL USA,MANUAL1175645,Hi-Brite,Inland Brite 92,74 ,432.00 mm,BC616C17044L,1,435,435,"$1,413.58",$614.91,$0.00,$0.00
Supplier,Ogden Newspapers,Madelia,3/26/26,,,OVOL USA,MANUAL1175645,Hi-Brite,Inland Brite 92,74 ,432.00 mm,BC616C17044K,1,435,435,"$1,413.58",$614.91,$0.00,$0.00
Supplier,Ogden Newspapers,Madelia,3/26/26,,,OVOL USA,MANUAL1175645,Hi-Brite,Inland Brite 92,74 ,432.00 mm,BC616C17044J,1,434,434,"$1,413.58",$613.49,$0.00,$0.00
Supplier,Ogden Newspapers,Madelia,3/26/26,,,OVOL USA,MANUAL1175645,Hi-Brite,Inland Brite 92,74 ,432.00 mm,BC616C17044H,1,435,435,"$1,413.58",$614.91,$0.00,$0.00
Supplier,Ogden Newspapers,Madelia,3/26/26,,,OVOL USA,MANUAL1175645,Hi-Brite,Inland Brite 92,74 ,432.00 mm,BC616C17044G,1,436,436,"$1,413.58",$616.32,$0.00,$0.00
Supplier,Ogden Newspapers,Madelia,3/26/26,,,OVOL USA,MANUAL1175645,Hi-Brite,Inland Brite 92,74 ,432.00 mm,BC616C17044F,1,437,437,"$1,413.58",$617.73,$0.00,$0.00
Supplier,Ogden Newspapers,Madelia,3/26/26,,,OVOL USA,MANUAL1175645,Hi-Brite,Inland Brite 92,74 ,432.00 mm,BC616C17044E,1,438,438,"$1,413.58",$619.15,$0.00,$0.00
Supplier,Ogden Newspapers,Madelia,3/26/26,,,OVOL USA,MANUAL1175645,Hi-Brite,Inland Brite 92,74 ,432.00 mm,BC616C17044D,1,438,438,"$1,413.58",$619.15,$0.00,$0.00
Supplier,Ogden Newspapers,Madelia,3/31/26,,,OVOL USA,MANUAL1175774-00,Hi-Brite,Inland Brite 92,74 ,432.00 mm,BC636C30183E,1,430,430,"$1,453.62",$625.06,$0.00,$0.00
Supplier,Ogden Newspapers,Madelia,3/31/26,,,OVOL USA,MANUAL1175774-00,Hi-Brite,Inland Brite 92,74 ,432.00 mm,BC636C30183D,1,431,431,"$1,453.62",$626.51,$0.00,$0.00
Supplier,Ogden Newspapers,Madelia,3/31/26,,,OVOL USA,MANUAL1175774-00,Hi-Brite,Inland Brite 92,74 ,432.00 mm,BC636C30183C,1,430,430,"$1,453.62",$625.06,$0.00,$0.00
Supplier,Ogden Newspapers,Madelia,3/31/26,,,OVOL USA,MANUAL1175774-00,Hi-Brite,Inland Brite 92,74 ,432.00 mm,BC636C30183B,1,430,430,"$1,453.62",$625.06,$0.00,$0.00
Supplier,Ogden Newspapers,Madelia,3/31/26,,,OVOL USA,MANUAL1175774-00,Hi-Brite,Inland Brite 92,74 ,432.00 mm,BC636C30182D,1,434,434,"$1,453.62",$630.87,$0.00,$0.00
Supplier,Ogden Newspapers,Madelia,3/31/26,,,OVOL USA,MANUAL1175774-00,Hi-Brite,Inland Brite 92,74 ,432.00 mm,BC636C30182C,1,431,431,"$1,453.62",$626.51,$0.00,$0.00
Supplier,Ogden Newspapers,Madelia,3/31/26,,,OVOL USA,MANUAL1175774-00,Hi-Brite,Inland Brite 92,74 ,432.00 mm,BC636C30182B,1,432,432,"$1,453.62",$627.96,$0.00,$0.00
Supplier,Ogden Newspapers,Madelia,3/31/26,,,OVOL USA,MANUAL1175774-00,Hi-Brite,Inland Brite 92,74 ,432.00 mm,BC636C30181D,1,434,434,"$1,453.62",$630.87,$0.00,$0.00
Supplier,Ogden Newspapers,Madelia,3/31/26,,,OVOL USA,MANUAL1175774-00,Hi-Brite,Inland Brite 92,74 ,432.00 mm,BC636C30181C,1,433,433,"$1,453.62",$629.42,$0.00,$0.00
Supplier,Ogden Newspapers,Madelia,3/31/26,,,OVOL USA,MANUAL1175774-00,Hi-Brite,Inland Brite 92,74 ,432.00 mm,BC636C30181B,1,433,433,"$1,453.62",$629.42,$0.00,$0.00
Supplier,Ogden Newspapers,Madelia,3/23/26,3/27/26,MN20260309,OVOL USA,531016777,Newsprint,Inland Newsprint,45 ,432.00 mm,IEP56C1619592,1,267,267,$725.00,$193.58,$0.00,$0.00
Supplier,Ogden Newspapers,Madelia,3/23/26,3/27/26,MN20260309,OVOL USA,531016777,Newsprint,Inland Newsprint,45 ,432.00 mm,IEP56C1619584,1,267,267,$725.00,$193.58,$0.00,$0.00
Supplier,Ogden Newspapers,Madelia,3/23/26,3/27/26,MN20260309,OVOL USA,531016777,Newsprint,Inland Newsprint,45 ,432.00 mm,IEP56C1619492,1,266,266,$725.00,$192.85,$0.00,$0.00
Supplier,Ogden Newspapers,Madelia,3/23/26,3/27/26,MN20260309,OVOL USA,531016777,Newsprint,Inland Newsprint,45 ,432.00 mm,IEP56C1619484,1,267,267,$725.00,$193.58,$0.00,$0.00
Supplier,Ogden Newspapers,Madelia,3/23/26,3/27/26,MN20260309,OVOL USA,531016777,Newsprint,Inland Newsprint,45 ,432.00 mm,IEP56C1619392,1,265,265,$725.00,$192.13,$0.00,$0.00
Supplier,Ogden Newspapers,Madelia,3/23/26,3/27/26,MN20260309,OVOL USA,531016777,Newsprint,Inland Newsprint,45 ,432.00 mm,IEP56C1619384,1,266,266,$725.00,$192.85,$0.00,$0.00
Supplier,Ogden Newspapers,Madelia,3/23/26,3/27/26,MN20260309,OVOL USA,531016777,Newsprint,Inland Newsprint,45 ,432.00 mm,IEP56C1619222,1,267,267,$725.00,$193.58,$0.00,$0.00
Supplier,Ogden Newspapers,Madelia,3/23/26,3/27/26,MN20260309,OVOL USA,531016777,Newsprint,Inland Newsprint,45 ,432.00 mm,IEP56C1618592,1,270,270,$725.00,$195.75,$0.00,$0.00
Supplier,Ogden Newspapers,Madelia,3/23/26,3/27/26,MN20260309,OVOL USA,531016777,Newsprint,Inland Newsprint,45 ,432.00 mm,IEP56C1618584,1,270,270,$725.00,$195.75,$0.00,$0.00
Supplier,Ogden Newspapers,Madelia,3/23/26,3/27/26,MN20260309,OVOL USA,531016777,Newsprint,Inland Newsprint,45 ,432.00 mm,IEP56C1618492,1,269,269,$725.00,$195.03,$0.00,$0.00
Supplier,Ogden Newspapers,Madelia,3/23/26,3/27/26,MN20260309,OVOL USA,531016777,Newsprint,Inland Newsprint,45 ,432.00 mm,IEP56C1618484,1,269,269,$725.00,$195.03,$0.00,$0.00
Supplier,Ogden Newspapers,Madelia,3/23/26,3/27/26,MN20260309,OVOL USA,531016777,Newsprint,Inland Newsprint,45 ,432.00 mm,IEP56C1618392,1,269,269,$725.00,$195.03,$0.00,$0.00
Supplier,Ogden Newspapers,Madelia,3/23/26,3/27/26,MN20260309,OVOL USA,531016777,Newsprint,Inland Newsprint,45 ,432.00 mm,IEP56C1618384,1,269,269,$725.00,$195.03,$0.00,$0.00
Supplier,Ogden Newspapers,Madelia,3/23/26,3/27/26,MN20260309,OVOL USA,531016777,Newsprint,Inland Newsprint,45 ,432.00 mm,IEP56C1618292,1,269,269,$725.00,$195.03,$0.00,$0.00
Supplier,Ogden Newspapers,Madelia,3/23/26,3/27/26,MN20260309,OVOL USA,531016777,Newsprint,Inland Newsprint,45 ,432.00 mm,IEP56C1618284,1,269,269,$725.00,$195.03,$0.00,$0.00
Supplier,Ogden Newspapers,Madelia,3/23/26,3/27/26,MN20260309,OVOL USA,531016777,Newsprint,Inland Newsprint,45 ,432.00 mm,IEP56C1618122,1,271,271,$725.00,$196.48,$0.00,$0.00
Supplier,Ogden Newspapers,Madelia,3/23/26,3/27/26,MN20260309,OVOL USA,531016777,Newsprint,Inland Newsprint,45 ,432.00 mm,IEP56C1617822,1,271,271,$725.00,$196.48,$0.00,$0.00
Supplier,Ogden Newspapers,Madelia,3/23/26,3/27/26,MN20260309,OVOL USA,531016777,Newsprint,Inland Newsprint,45 ,432.00 mm,IEP56B2507511,1,273,273,$725.00,$197.93,$0.00,$0.00
Supplier,Ogden Newspapers,Madelia,5/11/26,4/13/26,MN20260406,OVOL USA,531017021,Newsprint,Inland Newsprint,45 ,432.00 mm,IEP56E0220441,1,259,259,$725.00,$187.78,$0.00,$0.00
Supplier,Ogden Newspapers,Madelia,5/11/26,4/13/26,MN20260406,OVOL USA,531017021,Newsprint,Inland Newsprint,45 ,432.00 mm,IEP56E0220433,1,259,259,$725.00,$187.78,$0.00,$0.00
Supplier,Ogden Newspapers,Madelia,5/11/26,4/13/26,MN20260406,OVOL USA,531017021,Newsprint,Inland Newsprint,45 ,432.00 mm,IEP56E0220382,1,257,257,$725.00,$186.33,$0.00,$0.00
Supplier,Ogden Newspapers,Madelia,5/11/26,4/13/26,MN20260406,OVOL USA,531017021,Newsprint,Inland Newsprint,45 ,432.00 mm,IEP56E0220375,1,257,257,$725.00,$186.33,$0.00,$0.00
Supplier,Ogden Newspapers,Madelia,5/11/26,4/13/26,MN20260406,OVOL USA,531017021,Newsprint,Inland Newsprint,45 ,432.00 mm,IEP56E0220367,1,257,257,$725.00,$186.33,$0.00,$0.00
Supplier,Ogden Newspapers,Madelia,5/11/26,4/13/26,MN20260406,OVOL USA,531017021,Newsprint,Inland Newsprint,45 ,432.00 mm,IEP56E0220341,1,258,258,$725.00,$187.05,$0.00,$0.00
Supplier,Ogden Newspapers,Madelia,5/11/26,4/13/26,MN20260406,OVOL USA,531017021,Newsprint,Inland Newsprint,45 ,432.00 mm,IEP56E0220333,1,258,258,$725.00,$187.05,$0.00,$0.00
Supplier,Ogden Newspapers,Madelia,5/11/26,4/13/26,MN20260406,OVOL USA,531017021,Newsprint,Inland Newsprint,45 ,432.00 mm,IEP56E0220292,1,258,258,$725.00,$187.05,$0.00,$0.00
Supplier,Ogden Newspapers,Madelia,5/11/26,4/13/26,MN20260406,OVOL USA,531017021,Newsprint,Inland Newsprint,45 ,432.00 mm,IEP56E0220284,1,258,258,$725.00,$187.05,$0.00,$0.00
Supplier,Ogden Newspapers,Madelia,5/11/26,4/13/26,MN20260406,OVOL USA,531017021,Newsprint,Inland Newsprint,45 ,432.00 mm,IEP56E0220277,1,258,258,$725.00,$187.05,$0.00,$0.00
Supplier,Ogden Newspapers,Madelia,5/11/26,4/13/26,MN20260406,OVOL USA,531017021,Newsprint,Inland Newsprint,45 ,432.00 mm,IEP56E0220270,1,258,258,$725.00,$187.05,$0.00,$0.00
Supplier,Ogden Newspapers,Madelia,5/11/26,4/13/26,MN20260406,OVOL USA,531017021,Newsprint,Inland Newsprint,45 ,432.00 mm,IEP56E0220262,1,258,258,$725.00,$187.05,$0.00,$0.00
Supplier,Ogden Newspapers,Madelia,4/28/26,,,OVOL USA,MANUAL1176395-00,Offset,Boise Offset,74 ,432.00 mm,BC636D21183J,1,430,430,"$1,453.58",$625.04,$0.00,$0.00
Supplier,Ogden Newspapers,Madelia,4/28/26,,,OVOL USA,MANUAL1176395-00,Offset,Boise Offset,74 ,432.00 mm,BC636D21183H,1,430,430,"$1,453.58",$625.04,$0.00,$0.00
Supplier,Ogden Newspapers,Madelia,4/28/26,,,OVOL USA,MANUAL1176395-00,Offset,Boise Offset,74 ,432.00 mm,BC636D21183G,1,429,429,"$1,453.58",$623.59,$0.00,$0.00
Supplier,Ogden Newspapers,Madelia,4/28/26,,,OVOL USA,MANUAL1176395-00,Offset,Boise Offset,74 ,432.00 mm,BC636D21183F,1,430,430,"$1,453.58",$625.04,$0.00,$0.00
Supplier,Ogden Newspapers,Madelia,4/28/26,,,OVOL USA,MANUAL1176395-00,Offset,Boise Offset,74 ,432.00 mm,BC636D21182G,1,430,430,"$1,453.58",$625.04,$0.00,$0.00
Supplier,Ogden Newspapers,Madelia,4/28/26,,,OVOL USA,MANUAL1176395-00,Offset,Boise Offset,74 ,432.00 mm,BC636D21182F,1,430,430,"$1,453.58",$625.04,$0.00,$0.00
Supplier,Ogden Newspapers,Madelia,4/28/26,,,OVOL USA,MANUAL1176395-00,Offset,Boise Offset,74 ,432.00 mm,BC636D21181G,1,431,431,"$1,453.58",$626.49,$0.00,$0.00
Supplier,Ogden Newspapers,Madelia,4/28/26,,,OVOL USA,MANUAL1176395-00,Offset,Boise Offset,74 ,432.00 mm,BC636D21181F,1,431,431,"$1,453.58",$626.49,$0.00,$0.00
Quantity Subtotals: ,,,,,,,,,,,,,66,"22,015","22,015",,"$24,446.42",,$0.00
,,,,,,,,,,,,,,,,,,,
Supplier,Ogden Newspapers,Madelia,10/9/24,,,OVOL USA,063000932024101,Hi-Brite,KruBrite 80 Offset,51.8 ,445.00 mm,N3GU20K213C,1,267,267,$990.91,$264.57,$0.00,$0.00
Supplier,Ogden Newspapers,Madelia,10/9/24,,,OVOL USA,063000932024101,Hi-Brite,KruBrite 80 Offset,51.8 ,445.00 mm,N3GU20K213B,1,266,266,$990.91,$263.58,$0.00,$0.00
Supplier,Ogden Newspapers,Madelia,10/27/25,,,OVOL USA,0630THUN2025102,Newsprint,Thunder Bay Newsprint,45 ,445.00 mm,L2V5K13137M,1,233,233,$614.55,$143.19,$0.00,$0.00
Supplier,Ogden Newspapers,Madelia,10/27/25,,,OVOL USA,0630THUN2025102,Newsprint,Thunder Bay Newsprint,45 ,445.00 mm,L2V5K13136M,1,233,233,$614.55,$143.19,$0.00,$0.00
Supplier,Ogden Newspapers,Madelia,10/27/25,,,OVOL USA,0630THUN2025102,Newsprint,Thunder Bay Newsprint,45 ,445.00 mm,L2V5K13135M,1,232,232,$614.55,$142.58,$0.00,$0.00
Supplier,Ogden Newspapers,Madelia,10/27/25,,,OVOL USA,0630THUN2025102,Newsprint,Thunder Bay Newsprint,45 ,445.00 mm,L2V5K13134M,1,232,232,$614.55,$142.58,$0.00,$0.00
Supplier,Ogden Newspapers,Madelia,11/18/25,,,OVOL USA,0630THUN2025112,Newsprint,Thunder Bay Newsprint,45 ,445.00 mm,L2V5K13131C,1,230,230,$631.32,$145.20,$0.00,$0.00
Supplier,Ogden Newspapers,Madelia,11/18/25,,,OVOL USA,0630THUN2025112,Newsprint,Thunder Bay Newsprint,45 ,445.00 mm,L2V5K13125B,1,229,229,$631.32,$144.57,$0.00,$0.00
Quantity Subtotals: ,,,,,,,,,,,,,8,"1,922","1,922",,"$1,389.46",,$0.00
,,,,,,,,,,,,,,,,,,,
Supplier,Ogden Newspapers,Madelia,4/28/26,,,OVOL USA,MANUAL1176395-00,Offset,Boise Offset,74 ,610.00 mm,BC616D22013F,1,620,620,"$1,453.58",$901.22,$0.00,$0.00
Supplier,Ogden Newspapers,Madelia,4/28/26,,,OVOL USA,MANUAL1176395-00,Offset,Boise Offset,74 ,610.00 mm,BC616D22013E,1,621,621,"$1,453.58",$902.67,$0.00,$0.00
Supplier,Ogden Newspapers,Madelia,4/28/26,,,OVOL USA,MANUAL1176395-00,Offset,Boise Offset,74 ,610.00 mm,BC616D22012J,1,622,622,"$1,453.58",$904.13,$0.00,$0.00
Supplier,Ogden Newspapers,Madelia,4/28/26,,,OVOL USA,MANUAL1176395-00,Offset,Boise Offset,74 ,610.00 mm,BC616D22012D,1,622,622,"$1,453.58",$904.13,$0.00,$0.00
Supplier,Ogden Newspapers,Madelia,4/28/26,,,OVOL USA,MANUAL1176395-00,Offset,Boise Offset,74 ,610.00 mm,BC616D22011J,1,613,613,"$1,453.58",$891.04,$0.00,$0.00
Supplier,Ogden Newspapers,Madelia,4/28/26,,,OVOL USA,MANUAL1176395-00,Offset,Boise Offset,74 ,610.00 mm,BC616D22011D,1,613,613,"$1,453.58",$891.04,$0.00,$0.00
Supplier,Ogden Newspapers,Madelia,4/28/26,,,OVOL USA,MANUAL1176395-00,Offset,Boise Offset,74 ,610.00 mm,BC616D21314E,1,621,621,"$1,453.58",$902.67,$0.00,$0.00
Supplier,Ogden Newspapers,Madelia,4/28/26,,,OVOL USA,MANUAL1176395-00,Offset,Boise Offset,74 ,610.00 mm,BC616D21313D,1,624,624,"$1,453.58",$907.03,$0.00,$0.00
Supplier,Ogden Newspapers,Madelia,4/28/26,,,OVOL USA,MANUAL1176395-00,Offset,Boise Offset,74 ,610.00 mm,BC616D21312D,1,624,624,"$1,453.58",$907.03,$0.00,$0.00
Supplier,Ogden Newspapers,Madelia,4/28/26,,,OVOL USA,MANUAL1176395-00,Offset,Boise Offset,74 ,610.00 mm,BC616D21311D,1,619,619,"$1,453.58",$899.77,$0.00,$0.00
Quantity Subtotals: ,,,,,,,,,,,,,10,"6,199","6,199",,"$9,010.73",,$0.00
,,,,,,,,,,,,,,,,,,,
Supplier,Ogden Newspapers,Madelia,11/19/25,,,OVOL USA,MANUAL1173870-00,Hi-Brite,Inland Brite 92,74 ,686.00 mm,BC615L18014J,1,704,704,"$1,414.33",$995.69,$0.00,$0.00
Supplier,Ogden Newspapers,Madelia,11/19/25,,,OVOL USA,MANUAL1173870-00,Hi-Brite,Inland Brite 92,74 ,686.00 mm,BC615L18014H,1,700,700,"$1,414.33",$990.03,$0.00,$0.00
Supplier,Ogden Newspapers,Madelia,11/19/25,,,OVOL USA,MANUAL1173870-00,Hi-Brite,Inland Brite 92,74 ,686.00 mm,BC615L17284J,1,704,704,"$1,414.33",$995.69,$0.00,$0.00
Supplier,Ogden Newspapers,Madelia,11/19/25,,,OVOL USA,MANUAL1173870-00,Hi-Brite,Inland Brite 92,74 ,686.00 mm,BC615L17283J,1,704,704,"$1,414.33",$995.69,$0.00,$0.00
Supplier,Ogden Newspapers,Madelia,11/19/25,,,OVOL USA,MANUAL1173870-00,Hi-Brite,Inland Brite 92,74 ,686.00 mm,BC615L17282J,1,704,704,"$1,414.33",$995.69,$0.00,$0.00
Supplier,Ogden Newspapers,Madelia,11/19/25,,,OVOL USA,MANUAL1173870-00,Hi-Brite,Inland Brite 92,74 ,686.00 mm,BC615L17281G,1,695,695,"$1,414.33",$982.96,$0.00,$0.00
Quantity Subtotals: ,,,,,,,,,,,,,6,"4,211","4,211",,"$5,955.75",,$0.00
,,,,,,,,,,,,,,,,,,,
Supplier,Ogden Newspapers,Madelia,7/22/25,,,OVOL USA,06300033202573,Newsprint,Kap Paper Newsprint,42.5 ,813.00 mm,M345G08143B,1,427,427,$643.85,$274.92,$0.00,$0.00
Supplier,Ogden Newspapers,Madelia,7/22/25,,,OVOL USA,06300033202573,Newsprint,Kap Paper Newsprint,42.5 ,813.00 mm,M345G08143A,1,431,431,$643.85,$277.50,$0.00,$0.00
Supplier,Ogden Newspapers,Madelia,7/22/25,,,OVOL USA,06300033202573,Newsprint,Kap Paper Newsprint,42.5 ,813.00 mm,M345G08142Z,1,425,425,$643.85,$273.64,$0.00,$0.00
Supplier,Ogden Newspapers,Madelia,7/22/25,,,OVOL USA,06300033202573,Newsprint,Kap Paper Newsprint,42.5 ,813.00 mm,M345G08142E,1,422,422,$643.85,$271.70,$0.00,$0.00
Supplier,Ogden Newspapers,Madelia,7/22/25,,,OVOL USA,06300033202573,Newsprint,Kap Paper Newsprint,42.5 ,813.00 mm,M345G08142D,1,423,423,$643.85,$272.35,$0.00,$0.00
Supplier,Ogden Newspapers,Madelia,7/22/25,,,OVOL USA,06300033202573,Newsprint,Kap Paper Newsprint,42.5 ,813.00 mm,M345G08142C,1,425,425,$643.85,$273.64,$0.00,$0.00
Supplier,Ogden Newspapers,Madelia,7/22/25,,,OVOL USA,06300033202573,Newsprint,Kap Paper Newsprint,42.5 ,813.00 mm,M345G08142B,1,422,422,$643.85,$271.70,$0.00,$0.00
Supplier,Ogden Newspapers,Madelia,7/22/25,,,OVOL USA,06300033202573,Newsprint,Kap Paper Newsprint,42.5 ,813.00 mm,M345G08142A,1,421,421,$643.85,$271.06,$0.00,$0.00
Supplier,Ogden Newspapers,Madelia,6/16/25,,,OVOL USA,MANUAL1170797-00,Hi-Brite,Inland Brite 92,74 ,813.00 mm,BC615F09051F,1,825,825,"$1,436.11","$1,184.79",$0.00,$0.00
Quantity Subtotals: ,,,,,,,,,,,,,9,"4,221","4,221",,"$3,371.30",,$0.00
,,,,,,,,,,,,,,,,,,,
Supplier,Ogden Newspapers,Madelia,3/26/26,,,OVOL USA,MANUAL1175645,Hi-Brite,Inland Brite 92,74 ,864.00 mm,BC616C25034L,1,867,867,"$1,413.58","$1,225.57",$0.00,$0.00
Supplier,Ogden Newspapers,Madelia,3/26/26,,,OVOL USA,MANUAL1175645,Hi-Brite,Inland Brite 92,74 ,864.00 mm,BC616C25034K,1,867,867,"$1,413.58","$1,225.57",$0.00,$0.00
Supplier,Ogden Newspapers,Madelia,3/26/26,,,OVOL USA,MANUAL1175645,Hi-Brite,Inland Brite 92,74 ,864.00 mm,BC616C25032K,1,859,859,"$1,413.58","$1,214.27",$0.00,$0.00
Supplier,Ogden Newspapers,Madelia,3/26/26,,,OVOL USA,MANUAL1175645,Hi-Brite,Inland Brite 92,74 ,864.00 mm,BC616C25013K,1,867,867,"$1,413.58","$1,225.57",$0.00,$0.00
Supplier,Ogden Newspapers,Madelia,3/26/26,,,OVOL USA,MANUAL1175645,Hi-Brite,Inland Brite 92,74 ,864.00 mm,BC616C25012K,1,859,859,"$1,413.58","$1,214.27",$0.00,$0.00
Supplier,Ogden Newspapers,Madelia,3/26/26,,,OVOL USA,MANUAL1175645,Hi-Brite,Inland Brite 92,74 ,864.00 mm,BC616C25011K,1,860,860,"$1,413.58","$1,215.68",$0.00,$0.00
Supplier,Ogden Newspapers,Madelia,3/31/26,,,OVOL USA,MANUAL1175774-00,Hi-Brite,Inland Brite 92,74 ,864.00 mm,BC616C25143E,1,875,875,"$1,453.62","$1,271.92",$0.00,$0.00
Supplier,Ogden Newspapers,Madelia,3/31/26,,,OVOL USA,MANUAL1175774-00,Hi-Brite,Inland Brite 92,74 ,864.00 mm,BC616C25142E,1,875,875,"$1,453.62","$1,271.92",$0.00,$0.00
Supplier,Ogden Newspapers,Madelia,3/31/26,,,OVOL USA,MANUAL1175774-00,Hi-Brite,Inland Brite 92,74 ,864.00 mm,BC616C25141K,1,877,877,"$1,453.62","$1,274.82",$0.00,$0.00
Supplier,Ogden Newspapers,Madelia,3/31/26,,,OVOL USA,MANUAL1175774-00,Hi-Brite,Inland Brite 92,74 ,864.00 mm,BC616C25134A,1,881,881,"$1,453.62","$1,280.64",$0.00,$0.00
Supplier,Ogden Newspapers,Madelia,3/31/26,,,OVOL USA,MANUAL1175774-00,Hi-Brite,Inland Brite 92,74 ,864.00 mm,BC616C25132E,1,870,870,"$1,453.62","$1,264.65",$0.00,$0.00
Supplier,Ogden Newspapers,Madelia,3/31/26,,,OVOL USA,MANUAL1175774-00,Hi-Brite,Inland Brite 92,74 ,864.00 mm,BC616C25131E,1,887,887,"$1,453.62","$1,289.36",$0.00,$0.00
Supplier,Ogden Newspapers,Madelia,3/31/26,,,OVOL USA,MANUAL1175774-00,Hi-Brite,Inland Brite 92,74 ,864.00 mm,BC616C25124A,1,881,881,"$1,453.62","$1,280.64",$0.00,$0.00
Supplier,Ogden Newspapers,Madelia,3/31/26,,,OVOL USA,MANUAL1175774-00,Hi-Brite,Inland Brite 92,74 ,864.00 mm,BC616C25123A,1,882,882,"$1,453.62","$1,282.09",$0.00,$0.00
Supplier,Ogden Newspapers,Madelia,3/31/26,,,OVOL USA,MANUAL1175774-00,Hi-Brite,Inland Brite 92,74 ,864.00 mm,BC616C25122A,1,882,882,"$1,453.62","$1,282.09",$0.00,$0.00
Supplier,Ogden Newspapers,Madelia,3/31/26,,,OVOL USA,MANUAL1175774-00,Hi-Brite,Inland Brite 92,74 ,864.00 mm,BC616C25114Z,1,875,875,"$1,453.62","$1,271.92",$0.00,$0.00
Supplier,Ogden Newspapers,Madelia,3/31/26,,,OVOL USA,MANUAL1175774-00,Hi-Brite,Inland Brite 92,74 ,864.00 mm,BC616C25114B,1,879,879,"$1,453.62","$1,277.73",$0.00,$0.00
Supplier,Ogden Newspapers,Madelia,3/31/26,,,OVOL USA,MANUAL1175774-00,Hi-Brite,Inland Brite 92,74 ,864.00 mm,BC616C25113Z,1,876,876,"$1,453.62","$1,273.37",$0.00,$0.00
Supplier,Ogden Newspapers,Madelia,3/31/26,,,OVOL USA,MANUAL1175774-00,Hi-Brite,Inland Brite 92,74 ,864.00 mm,BC616C25113B,1,879,879,"$1,453.62","$1,277.73",$0.00,$0.00
Supplier,Ogden Newspapers,Madelia,3/31/26,,,OVOL USA,MANUAL1175774-00,Hi-Brite,Inland Brite 92,74 ,864.00 mm,BC616C25112Z,1,877,877,"$1,453.62","$1,274.82",$0.00,$0.00
Supplier,Ogden Newspapers,Madelia,3/31/26,,,OVOL USA,MANUAL1175774-00,Hi-Brite,Inland Brite 92,74 ,864.00 mm,BC616C25112B,1,881,881,"$1,453.62","$1,280.64",$0.00,$0.00
Supplier,Ogden Newspapers,Madelia,3/31/26,,,OVOL USA,MANUAL1175774-00,Hi-Brite,Inland Brite 92,74 ,864.00 mm,BC616C25111A,1,881,881,"$1,453.62","$1,280.64",$0.00,$0.00
Supplier,Ogden Newspapers,Madelia,3/31/26,,,OVOL USA,MANUAL1175774-00,Hi-Brite,Inland Brite 92,74 ,864.00 mm,BC616C25102Z,1,883,883,"$1,453.62","$1,283.55",$0.00,$0.00
Supplier,Ogden Newspapers,Madelia,3/31/26,,,OVOL USA,MANUAL1175774-00,Hi-Brite,Inland Brite 92,74 ,864.00 mm,BC616C25101B,1,861,861,"$1,453.62","$1,251.57",$0.00,$0.00
Supplier,Ogden Newspapers,Madelia,12/19/25,,,OVOL USA,MANUAL12032025A,Hi-Brite,Inland Brite 92,74 ,864.00 mm,72119020008,1,"1,170","1,170","$1,222.20","$1,429.97",$0.00,$0.00
Supplier,Ogden Newspapers,Madelia,2/4/26,,,OVOL USA,MANUAL12222026B,Hi-Brite,Inland Brite 92,74 ,864.00 mm,59362030006,1,928,928,"$1,178.59","$1,093.73",$0.00,$0.00
Supplier,Ogden Newspapers,Madelia,4/28/26,,,OVOL USA,MANUAL1176395-00,Offset,Boise Offset,74 ,864.00 mm,BC616D22063B,1,890,890,"$1,453.58","$1,293.69",$0.00,$0.00
Supplier,Ogden Newspapers,Madelia,4/28/26,,,OVOL USA,MANUAL1176395-00,Offset,Boise Offset,74 ,864.00 mm,BC616D22053B,1,885,885,"$1,453.58","$1,286.42",$0.00,$0.00
Supplier,Ogden Newspapers,Madelia,4/28/26,,,OVOL USA,MANUAL1176395-00,Offset,Boise Offset,74 ,864.00 mm,BC616D22052B,1,880,880,"$1,453.58","$1,279.15",$0.00,$0.00
Supplier,Ogden Newspapers,Madelia,4/28/26,,,OVOL USA,MANUAL1176395-00,Offset,Boise Offset,74 ,864.00 mm,BC616D22051B,1,883,883,"$1,453.58","$1,283.51",$0.00,$0.00
Supplier,Ogden Newspapers,Madelia,4/28/26,,,OVOL USA,MANUAL1176395-00,Offset,Boise Offset,74 ,864.00 mm,BC616D21314Z,1,890,890,"$1,453.58","$1,293.69",$0.00,$0.00
Supplier,Ogden Newspapers,Madelia,4/28/26,,,OVOL USA,MANUAL1176395-00,Offset,Boise Offset,74 ,864.00 mm,BC616D21314J,1,884,884,"$1,453.58","$1,284.96",$0.00,$0.00
Supplier,Ogden Newspapers,Madelia,4/28/26,,,OVOL USA,MANUAL1176395-00,Offset,Boise Offset,74 ,864.00 mm,BC616C25141L,1,876,876,"$1,453.58","$1,273.34",$0.00,$0.00
Supplier,Ogden Newspapers,Madelia,5/28/26,,,OVOL USA,MANUAL1177182-00,Offset,Boise Offset,74 ,864.00 mm,BC616E27064G,1,865,865,"$1,453.58","$1,257.35",$0.00,$0.00
Supplier,Ogden Newspapers,Madelia,5/28/26,,,OVOL USA,MANUAL1177182-00,Offset,Boise Offset,74 ,864.00 mm,BC616E27064D,1,867,867,"$1,453.58","$1,260.25",$0.00,$0.00
Supplier,Ogden Newspapers,Madelia,5/28/26,,,OVOL USA,MANUAL1177182-00,Offset,Boise Offset,74 ,864.00 mm,BC616E27063D,1,867,867,"$1,453.58","$1,260.25",$0.00,$0.00
Supplier,Ogden Newspapers,Madelia,5/28/26,,,OVOL USA,MANUAL1177182-00,Offset,Boise Offset,74 ,864.00 mm,BC616E27054G,1,863,863,"$1,453.58","$1,254.44",$0.00,$0.00
Supplier,Ogden Newspapers,Madelia,5/28/26,,,OVOL USA,MANUAL1177182-00,Offset,Boise Offset,74 ,864.00 mm,BC616E27054D,1,865,865,"$1,453.58","$1,257.35",$0.00,$0.00
Supplier,Ogden Newspapers,Madelia,5/28/26,,,OVOL USA,MANUAL1177182-00,Offset,Boise Offset,74 ,864.00 mm,BC616E27053G,1,864,864,"$1,453.58","$1,255.89",$0.00,$0.00
Supplier,Ogden Newspapers,Madelia,5/28/26,,,OVOL USA,MANUAL1177182-00,Offset,Boise Offset,74 ,864.00 mm,BC616E27053D,1,866,866,"$1,453.58","$1,258.80",$0.00,$0.00
Supplier,Ogden Newspapers,Madelia,5/28/26,,,OVOL USA,MANUAL1177182-00,Offset,Boise Offset,74 ,864.00 mm,BC616E27052G,1,865,865,"$1,453.58","$1,257.35",$0.00,$0.00
Supplier,Ogden Newspapers,Madelia,5/28/26,,,OVOL USA,MANUAL1177182-00,Offset,Boise Offset,74 ,864.00 mm,BC616E27052D,1,868,868,"$1,453.58","$1,261.71",$0.00,$0.00
Supplier,Ogden Newspapers,Madelia,5/28/26,,,OVOL USA,MANUAL1177182-00,Offset,Boise Offset,74 ,864.00 mm,BC616E27051G,1,867,867,"$1,453.58","$1,260.25",$0.00,$0.00
Supplier,Ogden Newspapers,Madelia,5/28/26,,,OVOL USA,MANUAL1177182-00,Offset,Boise Offset,74 ,864.00 mm,BC616E27051D,1,871,871,"$1,453.58","$1,266.07",$0.00,$0.00
Supplier,Ogden Newspapers,Madelia,5/28/26,,,OVOL USA,MANUAL1177182-00,Offset,Boise Offset,74 ,864.00 mm,BC616E27044H,1,862,862,"$1,453.58","$1,252.99",$0.00,$0.00
Supplier,Ogden Newspapers,Madelia,5/28/26,,,OVOL USA,MANUAL1177182-00,Offset,Boise Offset,74 ,864.00 mm,BC616E27044C,1,865,865,"$1,453.58","$1,257.35",$0.00,$0.00
Supplier,Ogden Newspapers,Madelia,5/28/26,,,OVOL USA,MANUAL1177182-00,Offset,Boise Offset,74 ,864.00 mm,BC616E27043G,1,862,862,"$1,453.58","$1,252.99",$0.00,$0.00
Supplier,Ogden Newspapers,Madelia,5/28/26,,,OVOL USA,MANUAL1177182-00,Offset,Boise Offset,74 ,864.00 mm,BC616E27043D,1,866,866,"$1,453.58","$1,258.80",$0.00,$0.00
Supplier,Ogden Newspapers,Madelia,5/28/26,,,OVOL USA,MANUAL1177182-00,Offset,Boise Offset,74 ,864.00 mm,BC616E27042G,1,864,864,"$1,453.58","$1,255.89",$0.00,$0.00
Supplier,Ogden Newspapers,Madelia,5/28/26,,,OVOL USA,MANUAL1177182-00,Offset,Boise Offset,74 ,864.00 mm,BC616E27042D,1,869,869,"$1,453.58","$1,263.16",$0.00,$0.00
Supplier,Ogden Newspapers,Madelia,5/28/26,,,OVOL USA,MANUAL1177182-00,Offset,Boise Offset,74 ,864.00 mm,BC616E27041G,1,865,865,"$1,453.58","$1,257.35",$0.00,$0.00
Supplier,Ogden Newspapers,Madelia,5/28/26,,,OVOL USA,MANUAL1177182-00,Offset,Boise Offset,74 ,864.00 mm,BC616E27041D,1,870,870,"$1,453.58","$1,264.61",$0.00,$0.00
Supplier,Ogden Newspapers,Madelia,5/28/26,,,OVOL USA,MANUAL1177182-00,Offset,Boise Offset,74 ,864.00 mm,BC616E27033E,1,861,861,"$1,453.58","$1,251.53",$0.00,$0.00
Supplier,Ogden Newspapers,Madelia,5/28/26,,,OVOL USA,MANUAL1177182-00,Offset,Boise Offset,74 ,864.00 mm,BC616E27033C,1,864,864,"$1,453.58","$1,255.89",$0.00,$0.00
Supplier,Ogden Newspapers,Madelia,5/28/26,,,OVOL USA,MANUAL1177182-00,Offset,Boise Offset,74 ,864.00 mm,BC616E27032E,1,860,860,"$1,453.58","$1,250.08",$0.00,$0.00
Supplier,Ogden Newspapers,Madelia,5/28/26,,,OVOL USA,MANUAL1177182-00,Offset,Boise Offset,74 ,864.00 mm,BC616E27032C,1,863,863,"$1,453.58","$1,254.44",$0.00,$0.00
Quantity Subtotals: ,,,,,,,,,,,,,56,"49,166","49,166",,"$70,734.28",,$0.00
,,,,,,,,,,,,,,,,,,,
Supplier,Ogden Newspapers,Madelia,10/27/25,,,OVOL USA,0630THUN2025102,Newsprint,Thunder Bay Newsprint,45 ,889.00 mm,L2V5K13136B,1,463,463,$614.55,$284.54,$0.00,$0.00
Supplier,Ogden Newspapers,Madelia,10/27/25,,,OVOL USA,0630THUN2025102,Newsprint,Thunder Bay Newsprint,45 ,889.00 mm,L2V5K13135C,1,462,462,$614.55,$283.92,$0.00,$0.00
Supplier,Ogden Newspapers,Madelia,10/27/25,,,OVOL USA,0630THUN2025102,Newsprint,Thunder Bay Newsprint,45 ,889.00 mm,L2V5K13133C,1,461,461,$614.55,$283.31,$0.00,$0.00
Supplier,Ogden Newspapers,Madelia,10/27/25,,,OVOL USA,0630THUN2025102,Newsprint,Thunder Bay Newsprint,45 ,889.00 mm,L2V5K13133B,1,461,461,$614.55,$283.31,$0.00,$0.00
Supplier,Ogden Newspapers,Madelia,10/27/25,,,OVOL USA,0630THUN2025102,Newsprint,Thunder Bay Newsprint,45 ,889.00 mm,L2V5K13111E,1,451,451,$614.55,$277.16,$0.00,$0.00
Quantity Subtotals: ,,,,,,,,,,,,,5,"2,298","2,298",,"$1,412.24",,$0.00
,,,,,,,,,,,,,,,,,,,
Quantity Totals: ,,,,,,,,,,,,,274,"114,119","114,119",,"$136,192.94",,$0.00