Inventory Report,,,,,,,,,,,,,,,,Date:  6/4/26  5:10 PM EST   ,,
Inventory Date:  ,,4/30/26,,,,,,,,,,,,,,,,
Account:  ,,Gould,,,,,,,,,,,,,,,,
Plant:  ,,All Locations,,,,,,,,,,,,,,,,
Paper Type:  ,,Rolls - All Paper Types,,,,,,,,,,,,,,,,
Supplier:  ,,#ALL# / OVOL USA,,,,,,,,,,,,,,,,
Definitions:  ,,Available: Not assigned;  Applied: Assigned but not consumed;  Rejected: Rejected but in plant;  WIP: Work In Process,,,,,,,,,,,,,,,,
Sorted by:  ,,Printer,,,,,,,,,,,,,,,,
Ownership,Printer,Plant,Received Date,Issue Date,End User PO#,Supplier,PO Number,Paper Type,Product Name,Grammage (g/m²),Roll Width,Roll Count,Available Quantity,Total Quantity,Price/mt,Cost,Net Price/mt,Net Cost
Supplier,Ogden Newspapers,St. James,2/6/17,,,OVOL USA,MANUAL1107292-00,Hi-Brite,Inland Brite 92,74 ,318.00 mm,2,399,399,$909.37,$362.84,$0.00,$0.00
Supplier,Ogden Newspapers,St. James,5/4/18,,,OVOL USA,MANUAL1118667-00,Hi-Brite,Inland Brite 92,74 ,381.00 mm,4,976,976,$964.51,$941.36,$0.00,$0.00
Supplier,Ogden Newspapers,St. James,1/25/18,,,OVOL USA,MANUAL116198-00,Hi-Brite,Inland Brite 92,74 ,381.00 mm,2,510,510,$909.39,$463.79,$0.00,$0.00
Supplier,Ogden Newspapers,St. James,11/29/19,,,OVOL USA,MANUAL11192019B,Hi-Brite,Inland Brite 92,74 ,406.00 mm,0,518,518,"$1,082.91",$560.95,$0.00,$0.00
Supplier,Ogden Newspapers,St. James,8/24/18,,,OVOL USA,MANUAL1121614-00,Hi-Brite,Inland Brite 92,74 ,584.00 mm,1,377,377,"$1,021.85",$385.24,$0.00,$0.00
Supplier,Ogden Newspapers,St. James,8/24/18,,,OVOL USA,MANUAL1121614-00,Hi-Brite,Inland Brite 92,74 ,775.00 mm,3,"1,464","1,464","$1,021.85","$1,495.99",$0.00,$0.00
Supplier,Ogden Newspapers,Madelia,12/30/25,,,OVOL USA,063000332025121,Newsprint,Kap Paper Newsprint,42.5 ,267.00 mm,0,"1,209","1,209",$670.40,$810.51,$0.00,$0.00
Supplier,Ogden Newspapers,Madelia,3/31/26,,,OVOL USA,06300033202621,Newsprint,Kap Paper Newsprint,42.5 ,267.00 mm,0,"1,521","1,521",$699.86,"$1,064.49",$0.00,$0.00
Supplier,Ogden Newspapers,St. James,12/19/16,,,OVOL USA,MANUAL12162016,Book,ResoluteBook 65,89.5 ,279.00 mm,2,360,360,$766.11,$275.80,$0.00,$0.00
Supplier,Ogden Newspapers,Madelia,10/27/25,,,OVOL USA,0630THUN2025102,Newsprint,Thunder Bay Newsprint,42.5 ,292.00 mm,0,516,516,$643.99,$332.30,$0.00,$0.00
Supplier,Ogden Newspapers,St. James,5/4/17,,,OVOL USA,063000022017052,Hi-Brite,Star Brite 80,51.8 ,305.00 mm,4,738,738,$750.00,$553.50,$0.00,$0.00
Supplier,Ogden Newspapers,Madelia,3/31/26,,,OVOL USA,06300033202621,Newsprint,Kap Paper Newsprint,42.5 ,305.00 mm,4,"1,044","1,044",$699.86,$730.65,$0.00,$0.00
Supplier,Ogden Newspapers,St. James,12/15/19,,,OVOL USA,063000442019122,Hi-Brite,Centennial Offset,51.8 ,305.00 mm,6,"1,124","1,124",$790.00,$887.96,$0.00,$0.00
Supplier,Ogden Newspapers,Madelia,10/27/25,,,OVOL USA,0630THUN2025102,Newsprint,Thunder Bay Newsprint,42.5 ,305.00 mm,0,313,313,$643.99,$201.57,$0.00,$0.00
Supplier,Ogden Newspapers,Madelia,8/10/25,,,OVOL USA,06300033202582,Newsprint,Kap Paper Newsprint,42.5 ,318.00 mm,0,706,706,$644.39,$454.94,$0.00,$0.00
Supplier,Ogden Newspapers,St. James,10/17/20,,,OVOL USA,063000442020102,Hi-Brite,Centennial Offset,51.8 ,318.00 mm,6,"1,242","1,242",$765.00,$950.13,$0.00,$0.00
Supplier,Ogden Newspapers,Madelia,12/30/25,,,OVOL USA,063000332025121,Newsprint,Kap Paper Newsprint,48.8 ,343.00 mm,8,"2,306","2,306",$599.31,"$1,382.01",$0.00,$0.00
Supplier,Ogden Newspapers,Madelia,12/30/25,,,OVOL USA,063000332025121,Newsprint,Kap Paper Newsprint,42.5 ,343.00 mm,0,762,762,$670.40,$510.84,$0.00,$0.00
Supplier,Ogden Newspapers,Madelia,3/31/26,,,OVOL USA,06300033202621,Newsprint,Kap Paper Newsprint,42.5 ,343.00 mm,6,"1,166","1,166",$699.86,$816.04,$0.00,$0.00
Supplier,Ogden Newspapers,St. James,12/15/19,,,OVOL USA,063000442019122,Hi-Brite,Centennial Offset,51.8 ,343.00 mm,8,"1,734","1,734",$790.00,"$1,369.86",$0.00,$0.00
Supplier,Ogden Newspapers,Madelia,2/19/23,,,OVOL USA,06300044202322,Hi-Brite,Centennial Offset,51.8 ,343.00 mm,5,"1,173","1,173","$1,115.00","$1,307.90",$0.00,$0.00
Supplier,Ogden Newspapers,St. James,8/30/24,,,OVOL USA,06300093202491,Hi-Brite,KruBrite 80 Offset,51.8 ,343.00 mm,8,"1,610","1,610",$990.91,"$1,595.37",$0.00,$0.00
Supplier,Ogden Newspapers,Madelia,12/30/25,,,OVOL USA,063000332025121,Newsprint,Kap Paper Newsprint,45 ,381.00 mm,2,870,870,$639.76,$556.59,$0.00,$0.00
Supplier,Ogden Newspapers,Madelia,3/31/26,,,OVOL USA,06300033202621,Newsprint,Kap Paper Newsprint,45 ,381.00 mm,4,882,882,$667.87,$589.06,$0.00,$0.00
Supplier,Ogden Newspapers,Madelia,11/18/25,,,OVOL USA,0630THUN2025112,Newsprint,Thunder Bay Newsprint,45 ,381.00 mm,0,434,434,$631.32,$273.99,$0.00,$0.00
Supplier,Ogden Newspapers,St. James,10/1/25,,,OVOL USA,063000932025101,Hi-Brite,KruBrite 80 Offset,51.8 ,387.00 mm,4,"1,926","1,926",$990.91,"$1,908.49",$0.00,$0.00
Supplier,Ogden Newspapers,St. James,9/16/25,,,OVOL USA,06300093202591,Hi-Brite,KruBrite 80 Offset,51.8 ,387.00 mm,8,"2,449","2,449",$990.91,"$2,426.74",$0.00,$0.00
Supplier,Ogden Newspapers,St. James,1/23/26,,,OVOL USA,06300093202611,Hi-Brite,KruBrite 80 Offset,51.8 ,387.00 mm,20,"4,809","4,809",$990.91,"$4,765.29",$0.00,$0.00
Supplier,Ogden Newspapers,Madelia,12/30/25,,,OVOL USA,063000332025121,Newsprint,Kap Paper Newsprint,42.5 ,406.00 mm,0,"2,679","2,679",$670.40,"$1,796.00",$0.00,$0.00
Supplier,Ogden Newspapers,Madelia,3/31/26,,,OVOL USA,06300033202621,Newsprint,Kap Paper Newsprint,42.5 ,406.00 mm,0,"1,369","1,369",$699.86,$958.11,$0.00,$0.00
Supplier,Ogden Newspapers,St. James,10/24/24,,,OVOL USA,063000932024111,Hi-Brite,KruBrite 80 Offset,51.8 ,406.00 mm,0,506,506,$990.91,$501.40,$0.00,$0.00
Supplier,Ogden Newspapers,St. James,12/2/24,,,OVOL USA,063000932024121,Hi-Brite,KruBrite 80 Offset,51.8 ,406.00 mm,6,"1,487","1,487",$990.91,"$1,473.48",$0.00,$0.00
Supplier,Ogden Newspapers,St. James,10/1/25,,,OVOL USA,063000932025101,Hi-Brite,KruBrite 80 Offset,51.8 ,406.00 mm,4,"1,027","1,027",$990.91,"$1,017.66",$0.00,$0.00
Supplier,Ogden Newspapers,Madelia,12/30/25,,,OVOL USA,063000332025121,Newsprint,Kap Paper Newsprint,45 ,432.00 mm,8,"4,915","4,915",$639.76,"$3,144.42",$0.00,$0.00
Supplier,Ogden Newspapers,St. James,10/1/25,,,OVOL USA,063000932025101,Hi-Brite,KruBrite 80 Offset,51.8 ,432.00 mm,2,"1,630","1,630",$990.91,"$1,615.18",$0.00,$0.00
Supplier,Ogden Newspapers,St. James,11/19/25,,,OVOL USA,063000932025111,Hi-Brite,KruBrite 80 Offset,51.8 ,432.00 mm,2,530,530,$990.91,$525.18,$0.00,$0.00
Supplier,Ogden Newspapers,St. James,9/16/25,,,OVOL USA,06300093202591,Hi-Brite,KruBrite 80 Offset,51.8 ,432.00 mm,4,"2,175","2,175",$990.91,"$2,155.23",$0.00,$0.00
Supplier,Ogden Newspapers,St. James,1/23/26,,,OVOL USA,06300093202611,Hi-Brite,KruBrite 80 Offset,51.8 ,432.00 mm,20,"5,384","5,384",$990.91,"$5,335.06",$0.00,$0.00
Supplier,Ogden Newspapers,Madelia,11/18/25,,,OVOL USA,0630THUN2025112,Newsprint,Thunder Bay Newsprint,45 ,432.00 mm,0,"1,515","1,515",$631.32,$956.45,$0.00,$0.00
Supplier,Ogden Newspapers,Madelia,10/9/24,,,OVOL USA,063000932024101,Hi-Brite,KruBrite 80 Offset,51.8 ,445.00 mm,2,533,533,$990.91,$528.16,$0.00,$0.00
Supplier,Ogden Newspapers,Madelia,10/27/25,,,OVOL USA,0630THUN2025102,Newsprint,Thunder Bay Newsprint,45 ,445.00 mm,4,930,930,$614.55,$571.53,$0.00,$0.00
Supplier,Ogden Newspapers,Madelia,11/18/25,,,OVOL USA,0630THUN2025112,Newsprint,Thunder Bay Newsprint,45 ,445.00 mm,2,459,459,$631.32,$289.78,$0.00,$0.00
Supplier,Ogden Newspapers,St. James,12/30/25,,,OVOL USA,063000332025122,Newsprint,Kap Paper Newsprint,42.5 ,533.00 mm,2,"7,408","7,408",$670.40,"$4,966.32",$0.00,$0.00
Supplier,Ogden Newspapers,St. James,1/29/26,,,OVOL USA,06300033202613,Newsprint,Kap Paper Newsprint,42.5 ,533.00 mm,10,"19,883","19,883",$670.76,"$13,336.72",$0.00,$0.00
Supplier,Ogden Newspapers,Madelia,3/31/26,,,OVOL USA,06300033202621,Newsprint,Kap Paper Newsprint,42.5 ,533.00 mm,0,"6,653","6,653",$699.86,"$4,656.17",$0.00,$0.00
Supplier,Ogden Newspapers,St. James,12/30/25,,,OVOL USA,063000332025122,Newsprint,Kap Paper Newsprint,42.5 ,584.00 mm,0,"1,311","1,311",$670.40,$878.89,$0.00,$0.00
Supplier,Ogden Newspapers,Madelia,3/31/26,,,OVOL USA,06300033202621,Newsprint,Kap Paper Newsprint,42.5 ,584.00 mm,0,"5,279","5,279",$699.86,"$3,694.56",$0.00,$0.00
Supplier,Ogden Newspapers,St. James,3/6/26,,,OVOL USA,06300033202622,Newsprint,Kap Paper Newsprint,42.5 ,584.00 mm,12,"19,412","19,412",$699.86,"$13,585.68",$0.00,$0.00
Supplier,Ogden Newspapers,Madelia,7/22/25,,,OVOL USA,06300033202573,Newsprint,Kap Paper Newsprint,42.5 ,610.00 mm,0,641,641,$643.85,$412.71,$0.00,$0.00
Supplier,Ogden Newspapers,St. James,8/20/25,,,OVOL USA,06300033202583,Newsprint,Kap Paper Newsprint,42.5 ,610.00 mm,20,"10,328","10,328",$644.39,"$6,655.26",$0.00,$0.00
Supplier,Ogden Newspapers,St. James,11/19/25,,,OVOL USA,063000932025111,Hi-Brite,KruBrite 80 Offset,51.8 ,610.00 mm,6,"2,114","2,114",$990.91,"$2,094.78",$0.00,$0.00
Supplier,Ogden Newspapers,St. James,2/7/18,,,OVOL USA,063000022018023,Hi-Brite,Star Brite 80,51.8 ,635.00 mm,1,379,379,$802.17,$304.02,$0.00,$0.00
Supplier,Ogden Newspapers,Madelia,3/23/25,,,OVOL USA,06300033202534,Newsprint,Kap Paper Newsprint,42.5 ,635.00 mm,0,"1,068","1,068",$643.58,$687.34,$0.00,$0.00
Supplier,Ogden Newspapers,St. James,7/22/25,,,OVOL USA,06300033202573,Newsprint,Kap Paper Newsprint,42.5 ,635.00 mm,4,"3,292","3,292",$643.85,"$2,119.55",$0.00,$0.00
Supplier,Ogden Newspapers,St. James,8/20/25,,,OVOL USA,06300033202583,Newsprint,Kap Paper Newsprint,42.5 ,635.00 mm,27,"9,651","9,651",$644.39,"$6,219.01",$0.00,$0.00
Supplier,Ogden Newspapers,St. James,12/30/25,,,OVOL USA,063000332025122,Newsprint,Kap Paper Newsprint,48.8 ,686.00 mm,20,"18,698","18,698",$599.31,"$11,205.90",$0.00,$0.00
Supplier,Ogden Newspapers,St. James,12/30/25,,,OVOL USA,063000332025122,Newsprint,Kap Paper Newsprint,42.5 ,686.00 mm,16,"20,161","20,161",$670.40,"$13,515.93",$0.00,$0.00
Supplier,Ogden Newspapers,St. James,7/22/25,,,OVOL USA,06300033202573,Newsprint,Kap Paper Newsprint,42.5 ,686.00 mm,3,"1,163","1,163",$643.85,$748.80,$0.00,$0.00
Supplier,Ogden Newspapers,St. James,8/20/25,,,OVOL USA,06300033202583,Newsprint,Kap Paper Newsprint,42.5 ,686.00 mm,2,777,777,$644.39,$500.69,$0.00,$0.00
Supplier,Ogden Newspapers,St. James,9/16/25,,,OVOL USA,06300033202593,Newsprint,Kap Paper Newsprint,42.5 ,686.00 mm,6,"4,268","4,268",$644.10,"$2,749.02",$0.00,$0.00
Supplier,Ogden Newspapers,St. James,10/24/24,,,OVOL USA,063000932024111,Hi-Brite,KruBrite 80 Offset,51.8 ,686.00 mm,15,"6,371","6,371",$990.91,"$6,313.09",$0.00,$0.00
Supplier,Ogden Newspapers,St. James,12/2/24,,,OVOL USA,063000932024121,Hi-Brite,KruBrite 80 Offset,51.8 ,686.00 mm,17,"8,380","8,380",$990.91,"$8,303.83",$0.00,$0.00
Supplier,Ogden Newspapers,St. James,12/2/25,,,OVOL USA,063000932025103,Newsprint,Kruger Newsprint,48.8 ,686.00 mm,0,353,353,$575.69,$203.22,$0.00,$0.00
Supplier,Ogden Newspapers,St. James,4/22/25,,,OVOL USA,06300093202551,Hi-Brite,KruBrite 80 Offset,51.8 ,686.00 mm,0,"2,396","2,396",$990.91,"$2,374.22",$0.00,$0.00
Supplier,Ogden Newspapers,St. James,11/19/25,,,OVOL USA,063000932025111,Hi-Brite,KruBrite 80 Offset,51.8 ,737.00 mm,4,"2,591","2,591",$990.91,"$2,567.45",$0.00,$0.00
Supplier,Ogden Newspapers,St. James,12/30/25,,,OVOL USA,063000332025122,Newsprint,Kap Paper Newsprint,45 ,762.00 mm,12,"15,327","15,327",$639.76,"$9,805.60",$0.00,$0.00
Supplier,Ogden Newspapers,St. James,12/30/25,,,OVOL USA,063000332025122,Newsprint,Kap Paper Newsprint,42.5 ,762.00 mm,47,"19,741","19,741",$670.40,"$13,234.37",$0.00,$0.00
Supplier,Ogden Newspapers,St. James,1/29/26,,,OVOL USA,06300033202613,Newsprint,Kap Paper Newsprint,45 ,762.00 mm,34,"18,633","18,633",$640.10,"$11,926.98",$0.00,$0.00
Supplier,Ogden Newspapers,St. James,3/6/26,,,OVOL USA,06300033202622,Newsprint,Kap Paper Newsprint,45 ,762.00 mm,1,"9,730","9,730",$667.87,"$6,498.38",$0.00,$0.00
Supplier,Ogden Newspapers,St. James,11/18/25,,,OVOL USA,0630THUN2025112,Newsprint,Thunder Bay Newsprint,45 ,762.00 mm,1,"5,243","5,243",$631.32,"$3,310.01",$0.00,$0.00
Supplier,Ogden Newspapers,St. James,2/22/24,,,OVOL USA,06300093202431,Hi-Brite,KruBrite 80 Offset,51.8 ,775.00 mm,3,"2,877","2,877",$990.91,"$2,850.85",$0.00,$0.00
Supplier,Ogden Newspapers,St. James,8/30/24,,,OVOL USA,06300093202491,Hi-Brite,KruBrite 80 Offset,51.8 ,775.00 mm,3,"1,349","1,349",$990.91,"$1,336.74",$0.00,$0.00
Supplier,Ogden Newspapers,Madelia,7/22/25,,,OVOL USA,06300033202573,Newsprint,Kap Paper Newsprint,42.5 ,813.00 mm,8,"6,789","6,789",$643.85,"$4,371.10",$0.00,$0.00
Supplier,Ogden Newspapers,St. James,8/20/25,,,OVOL USA,06300033202583,Newsprint,Kap Paper Newsprint,42.5 ,813.00 mm,0,438,438,$644.39,$282.24,$0.00,$0.00
Supplier,Ogden Newspapers,St. James,9/16/25,,,OVOL USA,06300033202593,Newsprint,Kap Paper Newsprint,42.5 ,813.00 mm,0,468,468,$644.10,$301.44,$0.00,$0.00
Supplier,Ogden Newspapers,St. James,1/29/26,,,OVOL USA,06300033202613,Newsprint,Kap Paper Newsprint,42.5 ,813.00 mm,12,"17,725","17,725",$670.76,"$11,889.22",$0.00,$0.00
Supplier,Ogden Newspapers,St. James,3/6/26,,,OVOL USA,06300033202622,Newsprint,Kap Paper Newsprint,42.5 ,813.00 mm,19,"20,007","20,007",$699.86,"$14,002.10",$0.00,$0.00
Supplier,Ogden Newspapers,St. James,12/2/25,,,OVOL USA,063000932025103,Newsprint,Kruger Newsprint,42.5 ,813.00 mm,0,"2,992","2,992",$643.99,"$1,926.82",$0.00,$0.00
Supplier,Ogden Newspapers,St. James,11/19/25,,,OVOL USA,063000932025111,Hi-Brite,KruBrite 80 Offset,51.8 ,813.00 mm,10,"4,725","4,725",$990.91,"$4,682.05",$0.00,$0.00
Supplier,Ogden Newspapers,St. James,9/16/25,,,OVOL USA,06300093202591,Hi-Brite,KruBrite 80 Offset,51.8 ,813.00 mm,0,"3,057","3,057",$990.91,"$3,029.21",$0.00,$0.00
Supplier,Ogden Newspapers,Madelia,1/6/26,,,OVOL USA,06300033202612,Newsprint,Kap Paper Newsprint,45 ,864.00 mm,0,"8,121","8,121",$640.10,"$5,198.25",$0.00,$0.00
Supplier,Ogden Newspapers,St. James,1/29/26,,,OVOL USA,06300033202613,Newsprint,Kap Paper Newsprint,45 ,864.00 mm,24,"19,067","19,067",$640.10,"$12,204.79",$0.00,$0.00
Supplier,Ogden Newspapers,St. James,3/6/26,,,OVOL USA,06300033202622,Newsprint,Kap Paper Newsprint,45 ,864.00 mm,0,"8,697","8,697",$667.87,"$5,808.47",$0.00,$0.00
Supplier,Ogden Newspapers,St. James,1/23/26,,,OVOL USA,06300093202611,Hi-Brite,KruBrite 80 Offset,51.8 ,864.00 mm,0,"6,449","6,449",$990.91,"$6,390.38",$0.00,$0.00
Supplier,Ogden Newspapers,St. James,10/1/25,,,OVOL USA,063000932025101,Hi-Brite,KruBrite 80 Offset,51.8 ,889.00 mm,5,"2,792","2,792",$990.91,"$2,766.62",$0.00,$0.00
Supplier,Ogden Newspapers,Madelia,10/27/25,,,OVOL USA,0630THUN2025102,Newsprint,Thunder Bay Newsprint,45 ,889.00 mm,5,"2,298","2,298",$614.55,"$1,412.24",$0.00,$0.00
Supplier,Ogden Newspapers,St. James,11/18/25,,,OVOL USA,0630THUN2025112,Newsprint,Thunder Bay Newsprint,45 ,889.00 mm,18,"9,369","9,369",$631.32,"$5,914.84",$0.00,$0.00
Supplier,Ogden Newspapers,St. James,5/22/14,,,OVOL USA,MANUAL0065201405,Hi-Brite,Alternative Offset,66.6 ,889.00 mm,2,"1,062","1,062",$832.24,$883.84,$0.00,$0.00
Supplier,Ogden Newspapers,St. James,1/3/20,,,OVOL USA,06300065202013,Newsprint,Thunder Bay Newsprint,36 ,335.00 mm,6,"1,625","1,625",$826.73,"$1,343.44",$0.00,$0.00
Supplier,Ogden Newspapers,Madelia,11/19/25,,,OVOL USA,MANUAL1173870-00,Hi-Brite,Inland Brite 92,74 ,343.00 mm,4,"2,080","2,080","$1,435.95","$2,986.78",$0.00,$0.00
Supplier,Ogden Newspapers,Madelia,2/17/26,,,OVOL USA,MANUAL1175170-00,Hi-Brite,Inland Brite 92,74 ,432.00 mm,0,"3,009","3,009","$1,414.26","$4,255.51",$0.00,$0.00
Supplier,Ogden Newspapers,Madelia,3/26/26,,,OVOL USA,MANUAL1175645,Hi-Brite,Inland Brite 92,74 ,432.00 mm,10,"4,357","4,357","$1,413.58","$6,158.97",$0.00,$0.00
Supplier,Ogden Newspapers,Madelia,3/31/26,,,OVOL USA,MANUAL1175774-00,Hi-Brite,Inland Brite 92,74 ,432.00 mm,10,"4,318","4,318","$1,453.62","$6,276.73",$0.00,$0.00
Supplier,Ogden Newspapers,St. James,7/15/21,,,OVOL USA,MANUAL1145231-00,Hi-Brite,Inland Brite 92,74 ,584.00 mm,4,"2,374","2,374","$1,173.16","$2,785.08",$0.00,$0.00
Supplier,Ogden Newspapers,Madelia,7/17/25,,,OVOL USA,MANUAL1171607,Hi-Brite,Inland Brite 92,74 ,610.00 mm,0,"1,828","1,828","$1,436.11","$2,625.21",$0.00,$0.00
Supplier,Ogden Newspapers,St. James,3/20/24,,,OVOL USA,0630THUN202432,Newsprint,Thunder Bay Newsprint,36 ,667.00 mm,34,"17,715","17,715",$980.00,"$17,360.70",$0.00,$0.00
Supplier,Ogden Newspapers,Madelia,11/19/25,,,OVOL USA,MANUAL1173870-00,Hi-Brite,Inland Brite 92,74 ,686.00 mm,6,"4,211","4,211","$1,414.33","$5,955.74",$0.00,$0.00
Supplier,Ogden Newspapers,St. James,12/30/25,,,OVOL USA,063000022025121,Hi-Brite,Star Brite 80,51.8 ,775.00 mm,8,"16,696","16,696",$990.00,"$16,529.04",$0.00,$0.00
Supplier,Ogden Newspapers,St. James,11/19/25,,,OVOL USA,063000932025111,Hi-Brite,KruBrite 80 Offset,51.8 ,775.00 mm,0,"5,401","5,401",$990.91,"$5,351.90",$0.00,$0.00
Supplier,Ogden Newspapers,St. James,1/23/26,,,OVOL USA,06300093202611,Hi-Brite,KruBrite 80 Offset,51.8 ,775.00 mm,0,"1,311","1,311",$990.91,"$1,299.08",$0.00,$0.00
Supplier,Ogden Newspapers,St. James,2/18/26,,,OVOL USA,06300093202623,Hi-Brite,KruBrite 80 Offset,51.8 ,775.00 mm,3,"19,556","19,556",$990.91,"$19,378.24",$0.00,$0.00
Supplier,Ogden Newspapers,St. James,12/30/25,,,OVOL USA,063000332025122,Newsprint,Kap Paper Newsprint,42.5 ,813.00 mm,0,"1,344","1,344",$670.40,$901.02,$0.00,$0.00
Supplier,Ogden Newspapers,St. James,1/29/26,,,OVOL USA,06300033202613,Newsprint,Kap Paper Newsprint,42.5 ,813.00 mm,0,"14,945","14,945",$670.76,"$10,024.51",$0.00,$0.00
Supplier,Ogden Newspapers,St. James,12/2/25,,,OVOL USA,063000932025103,Newsprint,Kruger Newsprint,42.5 ,813.00 mm,0,"3,698","3,698",$643.99,"$2,381.48",$0.00,$0.00
Supplier,Ogden Newspapers,Madelia,6/16/25,,,OVOL USA,MANUAL1170797-00,Hi-Brite,Inland Brite 92,74 ,813.00 mm,1,"2,487","2,487","$1,436.11","$3,571.61",$0.00,$0.00
Supplier,Ogden Newspapers,St. James,10/27/25,,,OVOL USA,063000022025104,Hi-Brite,Star Brite 80,66.6 ,864.00 mm,9,"6,441","6,441",$950.00,"$6,118.95",$0.00,$0.00
Supplier,Ogden Newspapers,St. James,11/17/25,,,OVOL USA,063000332025113,Newsprint,Kap Paper Newsprint,45 ,864.00 mm,0,"15,821","15,821",$631.32,"$9,988.11",$0.00,$0.00
Supplier,Ogden Newspapers,St. James,3/6/26,,,OVOL USA,06300033202622,Newsprint,Kap Paper Newsprint,45 ,864.00 mm,9,"19,388","19,388",$667.87,"$12,948.66",$0.00,$0.00
Supplier,Ogden Newspapers,St. James,1/23/26,,,OVOL USA,06300093202611,Hi-Brite,KruBrite 80 Offset,51.8 ,864.00 mm,0,"8,762","8,762",$990.91,"$8,682.35",$0.00,$0.00
Supplier,Ogden Newspapers,St. James,2/18/26,,,OVOL USA,06300093202623,Hi-Brite,KruBrite 80 Offset,51.8 ,864.00 mm,14,"19,667","19,667",$990.91,"$19,488.23",$0.00,$0.00
Supplier,Ogden Newspapers,Madelia,2/17/26,,,OVOL USA,MANUAL1175170-00,Hi-Brite,Inland Brite 92,74 ,864.00 mm,0,"4,337","4,337","$1,414.26","$6,133.65",$0.00,$0.00
Supplier,Ogden Newspapers,Madelia,3/26/26,,,OVOL USA,MANUAL1175645,Hi-Brite,Inland Brite 92,74 ,864.00 mm,6,"15,579","15,579","$1,413.58","$22,022.16",$0.00,$0.00
Supplier,Ogden Newspapers,Madelia,3/31/26,,,OVOL USA,MANUAL1175774-00,Hi-Brite,Inland Brite 92,74 ,864.00 mm,18,"15,802","15,802","$1,453.62","$22,970.10",$0.00,$0.00
Supplier,Ogden Newspapers,Madelia,12/19/25,,,OVOL USA,MANUAL12032025A,Hi-Brite,Inland Brite 92,74 ,864.00 mm,1,"1,170","1,170","$1,222.20","$1,429.97",$0.00,$0.00
Supplier,Ogden Newspapers,Madelia,2/4/26,,,OVOL USA,MANUAL12222026B,Hi-Brite,Inland Brite 92,74 ,864.00 mm,1,928,928,"$1,178.59","$1,093.73",$0.00,$0.00
Supplier,Ogden Newspapers,Madelia,3/6/26,,,OVOL USA,MANUAL224026B,Hi-Brite,Inland Brite 92,74 ,864.00 mm,0,"6,003","6,003","$1,178.59","$7,075.08",$0.00,$0.00
Supplier,Ogden Newspapers,Madelia,11/18/25,,,OVOL USA,0630THUN2025112,Newsprint,Thunder Bay Newsprint,42.5 ,406.00 mm,0,466,466,$661.56,$308.29,$0.00,$0.00
Supplier,Ogden Newspapers,St. James,3/24/26,3/19/26,MN202603HB,OVOL USA,531016799,Hi-Brite,Centennial Offset,51.8 ,864.00 mm,29,"19,827","19,827","$1,041.68","$20,653.39",$0.00,$0.00
Supplier,Ogden Newspapers,St. James,3/23/26,3/19/26,MN202603HB,OVOL USA,531016799,Hi-Brite,Centennial Offset,51.8 ,775.00 mm,28,"19,916","19,916","$1,041.68","$20,746.10",$0.00,$0.00
Supplier,Ogden Newspapers,St. James,3/9/26,3/19/26,MN202603HB,OVOL USA,531016799,Hi-Brite,Centennial Offset,51.8 ,775.00 mm,26,"20,159","20,159","$1,041.68","$20,999.23",$0.00,$0.00
Supplier,Ogden Newspapers,St. James,4/24/26,3/30/26,MN202603,OVOL USA,531016801,Newsprint,Inland Newsprint,43 ,533.00 mm,48,"20,071","20,071",$707.33,"$14,196.82",$0.00,$0.00
Supplier,Ogden Newspapers,St. James,4/27/26,3/30/26,MN202603,OVOL USA,531016801,Newsprint,Inland Newsprint,48.8 ,686.00 mm,48,"19,778","19,778",$670.16,"$13,254.42",$0.00,$0.00
Supplier,Ogden Newspapers,St. James,3/24/26,3/30/26,MN202603,OVOL USA,531016801,Newsprint,Inland Newsprint,43 ,813.00 mm,0,"19,563","19,563",$752.48,"$14,720.77",$0.00,$0.00
Supplier,Ogden Newspapers,St. James,4/22/26,3/30/26,MN202603,OVOL USA,531016801,Newsprint,Inland Newsprint,45 ,762.00 mm,42,"19,177","19,177",$725.00,"$13,903.33",$0.00,$0.00
Supplier,Ogden Newspapers,Madelia,3/23/26,3/27/26,MN20260309,OVOL USA,531016777,Newsprint,Inland Newsprint,43 ,584.00 mm,0,728,728,$725.00,$527.80,$0.00,$0.00
Supplier,Ogden Newspapers,Madelia,3/23/26,3/27/26,MN20260309,OVOL USA,531016777,Newsprint,Inland Newsprint,43 ,381.00 mm,6,"1,415","1,415",$725.00,"$1,025.88",$0.00,$0.00
Supplier,Ogden Newspapers,Madelia,3/23/26,3/27/26,MN20260309,OVOL USA,531016777,Newsprint,Inland Newsprint,45 ,432.00 mm,18,"4,834","4,834",$725.00,"$3,504.65",$0.00,$0.00
Supplier,Ogden Newspapers,Madelia,3/23/26,3/27/26,MN20260309,OVOL USA,531016777,Newsprint,Inland Newsprint,43 ,406.00 mm,10,"3,139","3,139",$725.00,"$2,275.78",$0.00,$0.00
Supplier,Ogden Newspapers,Madelia,3/23/26,3/27/26,MN20260309,OVOL USA,531016777,Newsprint,Inland Newsprint,43 ,343.00 mm,6,"2,186","2,186",$725.00,"$1,584.85",$0.00,$0.00
Supplier,Ogden Newspapers,Madelia,3/23/26,3/27/26,MN20260309,OVOL USA,531016777,Newsprint,Inland Newsprint,43 ,533.00 mm,0,"5,396","5,396",$725.00,"$3,912.10",$0.00,$0.00
Supplier,Ogden Newspapers,Madelia,3/23/26,3/27/26,MN20260309,OVOL USA,531016777,Newsprint,Inland Newsprint,43 ,267.00 mm,0,"2,368","2,368",$725.00,"$1,716.80",$0.00,$0.00
Supplier,Ogden Newspapers,St. James,4/6/26,3/30/26,MN202603,OVOL USA,531016801,Newsprint,Inland Newsprint,45 ,864.00 mm,0,"19,650","19,650",$725.00,"$14,246.25",$0.00,$0.00
Supplier,Ogden Newspapers,St. James,4/24/26,4/27/26,MN202604-HB,OVOL USA,531017110,Hi-Brite,KruBrite 80 Offset,51.8 ,686.00 mm,32,"12,891","12,891","$1,036.17","$13,357.27",$0.00,$0.00
Supplier,Ogden Newspapers,St. James,4/24/26,4/27/26,MN202604-HB,OVOL USA,531017110,Hi-Brite,KruBrite 80 Offset,51.8 ,432.00 mm,12,"3,108","3,108","$1,036.17","$3,220.42",$0.00,$0.00
Supplier,Ogden Newspapers,St. James,4/24/26,4/27/26,MN202604-HB,OVOL USA,531017110,Hi-Brite,KruBrite 80 Offset,51.8 ,387.00 mm,12,"2,803","2,803","$1,036.17","$2,904.38",$0.00,$0.00
Supplier,Ogden Newspapers,St. James,4/24/26,4/27/26,MN202604-HB,OVOL USA,531017110,Hi-Brite,KruBrite 80 Offset,51.8 ,368.00 mm,6,"1,302","1,302","$1,036.17","$1,349.09",$0.00,$0.00
Supplier,Ogden Newspapers,St. James,4/23/26,4/27/26,MN202604-HB,OVOL USA,531017110,Hi-Brite,KruBrite 80 Offset,51.8 ,775.00 mm,30,"19,820","19,820","$1,036.17","$20,536.89",$0.00,$0.00
Supplier,Ogden Newspapers,St. James,4/20/26,4/27/26,MN202604-HB,OVOL USA,531017110,Hi-Brite,KruBrite 80 Offset,51.8 ,864.00 mm,27,"19,965","19,965","$1,036.17","$20,687.13",$0.00,$0.00
Supplier,Ogden Newspapers,St. James,4/27/26,4/27/26,MN202604-HB,OVOL USA,531017110,Hi-Brite,KruBrite 80 Offset,51.8 ,864.00 mm,39,"20,008","20,008","$1,036.17","$20,731.69",$0.00,$0.00
Supplier,Ogden Newspapers,Madelia,4/28/26,,,OVOL USA,MANUAL1176395-00,Offset,Boise Offset,74 ,305.00 mm,4,"1,843","1,843","$1,488.55","$2,743.40",$0.00,$0.00
Supplier,Ogden Newspapers,Madelia,4/28/26,,,OVOL USA,MANUAL1176395-00,Offset,Boise Offset,74 ,432.00 mm,8,"4,301","4,301","$1,453.58","$6,251.85",$0.00,$0.00
Supplier,Ogden Newspapers,Madelia,4/28/26,,,OVOL USA,MANUAL1176395-00,Offset,Boise Offset,74 ,610.00 mm,10,"7,438","7,438","$1,453.58","$10,811.73",$0.00,$0.00
Supplier,Ogden Newspapers,Madelia,4/28/26,,,OVOL USA,MANUAL1176395-00,Offset,Boise Offset,74 ,864.00 mm,7,"6,188","6,188","$1,453.58","$8,994.75",$0.00,$0.00
Supplier,Ogden Newspapers,St. James,3/6/26,,,OVOL USA,06300033202622,Newsprint,Kap Paper Newsprint,42.5 ,533.00 mm,66,"20,463","20,463",$699.86,"$14,321.24",$0.00,$0.00
Quantity Totals: ,,,,,,,,,,,,"1,188","917,466","917,466",,"$787,583.87",,$0.00